Sub_Category,אילו,אם,אשר,יען,כאשר,כי,לו,למען,מאשר,פן,ש
0,2.682082954387522,26.83302083003153,4.449819447052025,0.0,5.02280989639845,56.433463617544724,18.39665080986714,2.0359447881032553,0.292590867751366,0.23163443696983144,1.7189713480392754
6,1.7468774565464233,115.94899117826884,6.987509826185693,0.0,11.136343785483449,19.43401170407896,5.022272687570967,0.43671936413660584,0.43671936413660584,0.0,0.6550790462049086
7,1.624125963790539,141.2989588497769,15.471936812951977,0.0,11.539842374301198,18.378267484998204,8.548031388371259,0.08548031388371259,0.17096062776742518,0.08548031388371259,0.08548031388371259
0,1.8425537795384404,30.171818139941962,4.376065226403796,0.0,2.7638306693076604,59.4223593901147,16.813303238288267,2.3031922244230505,0.0,0.23031922244230504,0.6909576673269151
06,1.9788265558523794,134.5602057979618,5.936479667557139,0.0,8.904719501335707,12.862372613040467,5.936479667557139,0.0,0.0,0.0,0.0
abdim,1.9735543714229329,179.59344779948688,7.8942174856917315,0.0,0.0,17.761989342806395,209.19676337083087,0.0,0.0,0.0,0.0
abl,0.0,90.32743695897629,7.527286413248024,0.0,0.0,3.763643206624012,131.72751223184042,0.0,0.0,0.0,0.0
abowdt-iowm-hkpowrim,4.3535045711797995,100.13060513713539,8.707009142359599,0.0,0.0,17.414018284719198,34.828036569438396,0.0,0.0,0.0,0.0
abowdt-kowkbim,0.0,111.06424855897652,8.435259384226065,0.0,0.0,5.62350625615071,89.97610009841137,1.4058765640376776,0.0,1.4058765640376776,0.0
adowt,1.238390092879257,133.74613003095976,1.238390092879257,0.0,3.7151702786377707,0.0,89.1640866873065,0.0,0.0,0.0,0.0
airowbin,1.0946907498631637,204.70717022441158,0.0,0.0,0.0,0.0,91.95402298850574,0.0,0.0,0.0,0.0
aishowt,1.422070534698521,201.22298065984072,1.0665529010238908,0.0,0.0,1.7775881683731514,113.41012514220705,0.35551763367463024,0.0,0.35551763367463024,1.0665529010238908
aisowri-biah,3.466054330401629,157.70547203327413,3.466054330401629,0.0,0.0,5.199081495602443,57.18989645162688,0.0,0.0,0.0,0.0
aisowri-mzbch,0.0,167.91869200176757,8.837825894829873,0.0,0.0,11.04728236853734,22.09456473707468,2.2094564737074682,0.0,0.0,0.0
arkin,2.835672763363108,167.30469303842338,15.596200198497094,0.0,1.417836381681554,4.253509145044662,93.57720119098255,0.0,0.0,0.0,0.0
articles,2.7951259990391755,24.457352491592783,21.400183430143688,0.0,16.50871293182513,33.454164301000134,10.132331746517012,0.43673843734987117,0.08734768746997423,0.2620430624099227,0.8734768746997423
baba-metsiah,1.4051258992805755,85.05695443645084,3.091276978417266,0.0,0.18735011990407674,4.964778177458033,85.0101169064748,0.18735011990407674,0.0,0.18735011990407674,0.0
biat-hmkdsh,1.6366612111292964,130.9328968903437,9.819967266775777,0.0,0.0,16.366612111292962,42.5531914893617,0.0,0.0,1.6366612111292964,0.0
bit-hbchirh,0.0,39.826212889210716,5.430847212165098,0.0,0.0,5.430847212165098,56.11875452570602,0.0,0.0,0.0,0.0
bkowrim,0.0,157.0871894788115,13.395031660983925,0.0,1.2177301509985388,3.653190452995616,121.77301509985386,0.0,0.0,0.0,0.0
bkowrowt,4.049402713099818,141.72909495849362,2.024701356549909,0.0,0.0,4.049402713099818,111.35857461024499,0.0,0.0,0.0,0.0
blogs,1.0241256745510363,42.749382466199485,2.979751322712486,0.11534521249209623,1.4365721919470167,34.44802247623801,29.31516052033973,1.5641509875822142,0.06291557045023431,1.0311162934899512,1.7354211515856297
brkowt,1.0831889081455806,159.22876949740035,20.580589254766032,0.0,0.0,3.249566724436742,53.07625649913345,1.0831889081455806,0.0,0.0,0.0
chgigh,8.460236886632826,93.06260575296108,25.380710659898476,0.0,0.0,0.0,50.76142131979695,0.0,0.0,0.0,0.0
chmz-owmzh,1.589067217543302,165.2629906245034,9.534403305259811,0.0,0.0,4.767201652629906,58.79548704910218,0.0,0.0,0.0,0.0
chowbl-owmzik,3.204614645088928,153.82150296426855,6.409229290177856,0.0,1.602307322544464,4.806921967633392,155.42381028681302,0.0,0.0,0.0,6.409229290177856
daowt,0.0,104.51977401129943,19.774011299435028,0.0,5.649717514124294,11.299435028248588,121.46892655367232,8.474576271186441,0.0,0.0,0.0
doctors,1.3690934241026538,29.45911367724331,20.914082306119848,0.0,11.094377747038747,36.25737067968407,9.253183142211038,0.6609416530150742,0.09442023614501059,0.09442023614501059,0.6137315349425689
forum,1.1913034845626922,130.64628214037526,4.566663357490321,0.0,5.559416261292564,22.237665045170257,8.934776134220193,0.39710116152089747,0.0,0.0,0.7942023230417949
girowshin,2.903431856454329,198.5947389814761,2.903431856454329,0.0,0.0,0.5806863712908658,74.90854189652168,0.0,0.0,0.0,5.226177341617792
gnibh,0.0,182.13660245183885,21.015761821366027,0.0,0.0,5.253940455341507,99.82486865148861,1.7513134851138354,0.0,0.0,17.513134851138354
gzlh-owabdh,9.876168046797842,207.3995289827547,9.876168046797842,0.0,0.0,0.0,180.80984577983742,0.0,0.0,0.0,13.674694218643165
ibowm-owchlizh,2.0723241114910373,162.6774427520464,15.54243083618278,0.0,0.0,2.0723241114910373,86.00145062687804,0.0,0.0,0.0,9.325458501709667
iowm-towb,2.0833333333333335,139.58333333333334,4.166666666666667,0.0,0.0,1.0416666666666667,68.75,0.0,0.0,0.0,0.0
isowdi-htowrh,4.965243296921549,59.582919563058596,17.37835153922542,0.0,7.4478649453823245,24.826216484607745,136.5441906653426,4.965243296921549,0.0,0.0,0.0
kdowsh-hchdsh,6.161904028344758,160.20950473696374,2.3107140106292845,0.0,0.0,0.7702380035430948,53.91666024801664,0.0,0.0,0.0,0.0
kelim,0.0,59.10602142593277,0.0,0.0,0.0,7.388252678241596,36.94126339120798,0.0,0.0,0.0,0.0
klaim,1.2908222537756548,180.7151155285917,3.872466761326965,0.0,0.0,0.0,37.43384535949399,0.0,0.0,1.2908222537756548,0.0
kli-hmkdsh,0.0,68.61575178997613,14.916467780429594,0.0,0.0,8.949880668257757,53.69928400954654,0.0,0.0,0.0,0.0
klim,0.6712760958582266,149.6945693763845,6.0414848627240385,0.0,0.0,0.6712760958582266,41.619117943210036,0.0,0.0,0.0,0.0
krbn-psch,0.0,162.1174524400331,4.962779156327543,0.0,0.0,1.6542597187758479,56.24483043837883,0.0,0.0,0.0,0.0
kriat-shma,0.0,204.0816326530612,0.0,0.0,0.0,0.0,63.079777365491644,7.421150278293135,0.0,0.0,0.0
literary,3.263799873269785,33.11954297629503,15.439990032798514,0.0076435594221774825,9.577379955988384,28.892654615830878,28.50283308529983,3.195007838470187,0.13758406959919467,0.2828116986205668,1.0165934031496051
mailh,0.0,133.64173734258546,0.0,0.0,0.0,0.0,61.680801850424054,0.0,0.0,2.570033410434336,0.0
maklowt-asowrowt,1.5863782983448786,167.62730685844218,5.8167204272645545,0.0,0.0,1.5863782983448786,58.167204272645556,0.0,0.0,1.057585532229919,0.0
mashh-hkrbnowt,3.643252696006995,113.66948411541824,26.231419411250364,0.0,3.643252696006995,1.4573010784027982,35.703876420868546,0.0,0.0,1.4573010784027982,0.0
mashr,0.0,156.55133295519002,2.268859897901305,0.0,0.0,2.268859897901305,97.5609756097561,0.0,0.0,0.0,0.0
mashr-shni,2.7639579878385847,163.0735212824765,6.909894969596462,0.0,1.3819789939192924,8.291873963515755,85.68269762299612,0.0,0.0,0.0,0.0
mchowsri-kprh,0.0,120.48192771084338,0.0,0.0,0.0,4.8192771084337345,33.734939759036145,0.0,0.0,0.0,0.0
mgilh,0.0,106.951871657754,3.145643284051588,0.0,0.0,18.87385970430953,59.76722239698019,3.145643284051588,0.0,0.0,0.0
milh,10.319917440660474,170.27863777089783,36.119711042311664,0.0,0.0,5.159958720330237,56.759545923632615,5.159958720330237,0.0,0.0,0.0
mkirh,7.360285999684559,154.04027127911255,0.0,0.0,0.0,1.0514694285263655,239.20929498974817,0.0,0.0,0.0,0.0
mkowowaowt,0.0,125.63224016968509,0.0,0.0,0.0,0.0,44.05286343612335,0.0,0.0,0.0,0.0
mlkim,0.0,95.87399417907892,10.272213662044171,0.0,3.42407122068139,22.256462934429035,107.85824345146379,1.712035610340695,0.0,0.0,1.712035610340695
mlowh,7.204091924212953,172.89820618111088,2.161227577263886,0.0,0.0,2.161227577263886,258.62690007924505,0.0,0.0,0.0,0.0
mmrim,3.7369207772795217,134.5291479820628,11.210762331838565,0.0,0.0,11.210762331838565,89.68609865470852,0.0,0.0,0.0,0.0
mtmai-mshkb,1.637465203864418,101.5228426395939,3.274930407728836,0.0,0.0,1.637465203864418,36.024234485017196,0.0,0.0,0.0,0.0
mtnowt-aniim,1.1903344839900012,149.98214498274015,5.951672419950006,0.0,0.0,11.903344839900011,127.36578978693012,1.1903344839900012,0.0,1.1903344839900012,0.0
narh-btowlh,4.63821892393321,185.5287569573284,23.19109461966605,0.0,0.0,18.55287569573284,55.65862708719852,0.0,0.0,0.0,74.21150278293136
nchlowt,2.0563438206868185,172.73288093769278,4.112687641373637,0.0,0.0,8.225375282747274,139.83137980670367,0.0,0.0,0.0,2.0563438206868185
ndrim,6.38220277169949,162.29029905178703,1.8234865061998542,0.0,0.9117432530999271,4.558716265499635,101.2035010940919,0.0,0.0,0.0,0.0
nzirowt,2.5604916143899628,179.2344130072974,1.2802458071949814,0.0,0.0,5.1209832287799255,66.57278197413903,0.0,0.0,0.0,0.0
nzki-mmown,1.952362358453729,241.11675126903552,3.904724716907458,0.0,0.0,7.809449433814916,80.04685669660289,0.0,0.0,0.0,4.880905896134323
prh-adowmh,0.0,146.4241676942047,0.0,0.0,0.0,0.0,24.66091245376079,0.0,0.0,0.0,0.0
psowli-hmowkdshin,0.9153318077803203,159.26773455377574,5.491990846681922,0.0,0.0,2.745995423340961,25.62929061784897,0.0,0.0,0.0,0.0
rowzch,2.370791844476055,119.72498814604079,37.93266951161688,0.0,2.370791844476055,11.853959222380276,69.93835941204362,0.0,0.0,0.0,48.601232811759125
sanhedrin,1.019367991845056,74.4138634046891,3.567787971457696,0.0,0.0,3.058103975535168,66.76860346585117,0.509683995922528,0.0,0.0,0.0
shabat,2.3258518432375856,82.5677404349343,0.0,0.0,0.0,2.3258518432375856,22.095592510757065,0.0,0.0,0.0,0.0
shalh,10.518934081346423,206.87237026647966,0.0,0.0,0.0,0.0,140.25245441795232,0.0,0.0,0.0,0.0
shar-abowt-htowmah,0.0,162.74206746067824,11.81925629602691,0.0,0.0,0.9091735612328393,30.911901081916536,0.0,0.0,0.0,0.0
shbitt-ashowr,0.0,116.42949547218629,6.46830530401035,0.0,0.0,19.404915912031047,32.34152652005175,0.0,0.0,0.0,0.0
shbowaowt,17.839223993756274,146.05864644887947,0.0,0.0,0.0,3.3448544988293007,118.18485895863529,0.0,0.0,0.0,0.0
shbt,1.1341404632963792,148.8559358076498,1.701210694944569,0.0,0.0,1.701210694944569,67.19782245031047,0.8506053474722844,0.0,0.0,0.2835351158240948
shchith,5.192107995846314,283.83523710626514,10.384215991692628,0.0,2.596053997923157,2.596053997923157,44.998269297334716,1.7307026652821047,0.0,0.0,0.0
shggowt,1.5165301789505612,162.26872914771005,9.099181073703367,0.0,0.0,0.0,128.9050652107977,0.0,0.0,0.0,0.0
shkirowt,5.546311702717693,151.59918654095026,0.0,0.0,0.0,11.092623405435386,221.8524681087077,0.0,0.0,0.0,0.0
shklim,4.168403501458942,95.87328053355566,0.0,0.0,0.0,0.0,91.7048770320967,0.0,0.0,0.0,0.0
shknim,0.0,182.8125,1.5625,0.0,0.0,0.0,184.375,0.0,0.0,0.0,0.0
shlowchin-owshowtpin,2.9197080291970807,183.94160583941607,2.9197080291970807,0.0,0.0,0.0,289.05109489051097,0.0,0.0,0.0,0.0
shmith-owiowbl,2.069750595053296,119.01065921556453,9.313877677739832,0.0,0.0,4.139501190106592,114.87115802545793,0.0,0.0,3.104625892579944,0.0
showpr,1.438641922025608,158.2506114228169,4.315925766076823,0.0,0.0,2.877283844051216,35.9660480506402,0.0,1.438641922025608,0.0,0.0
snhdrin,1.892326615573848,123.00123001230013,3.784653231147696,0.0,1.892326615573848,6.623143154508469,106.9164537799224,0.946163307786924,0.0,0.0,0.0
sowth,0.0,153.75854214123007,28.47380410022779,0.0,0.0,11.389521640091116,42.710706150341686,0.0,0.0,0.0,28.47380410022779
tanach,0.0,58.309037900874635,87.46355685131195,0.0,0.0,58.309037900874635,29.154518950437318,0.0,0.0,0.0,0.0
taniowt,0.0,113.32099907493061,0.0,0.0,0.0,6.938020351526364,55.504162812210915,0.0,0.0,0.0,0.0
tapuz,1.0544914907680556,58.061330253875255,6.339808596934773,0.05143860930575881,2.9191410781018123,22.37579504800508,20.922654335117393,8.474510883123763,0.05143860930575881,0.07715791395863822,7.8315282668017785
tlmowd-towrh,0.0,77.01863354037268,0.0,0.0,2.4844720496894412,9.937888198757765,156.52173913043478,2.4844720496894412,0.0,2.4844720496894412,0.0
tmidin-owmowspin,0.0,78.95178901394256,1.6798252981689905,0.0,1.6798252981689905,0.0,40.315807156055776,0.0,0.0,0.0,0.0
tmowrh,5.599104143337066,123.18029115341545,5.599104143337066,0.0,0.0,0.0,33.59462486002239,0.0,0.0,0.0,0.0
towan,9.815683280619478,130.8757770749264,1.0906314756243864,0.0,0.0,5.453157378121933,202.85745446613592,0.0,0.0,0.0,0.0
towmat-aowklin,0.0,161.67277430480706,3.2334554860961413,0.0,0.0,4.311273981461522,19.40073291657685,0.0,0.0,0.0,0.0
towmat-mt,1.8691588785046729,132.71028037383178,7.4766355140186915,0.0,0.0,1.8691588785046729,27.102803738317757,0.0,0.0,0.0,0.0
towmat-zrat,2.6068821689259645,113.39937434827945,9.124087591240876,0.0,0.0,1.3034410844629822,62.56517205422315,0.0,0.0,0.0,0.0
tpilh,1.6193020808031737,113.35114565622216,8.096510404015868,0.0,0.0,5.667557282811108,50.198364504898386,0.0,0.0,0.8096510404015869,0.0
tpilin,0.0,145.58232931726909,6.275100401606426,0.0,0.0,3.7650602409638556,67.7710843373494,0.0,1.255020080321285,1.255020080321285,0.0
trowmowt,0.7304601899196493,154.85756026296568,3.652300949598247,0.0,0.0,8.765522279035793,59.1672753834916,0.0,0.0,0.0,0.0
tshowbh,3.075976622577669,61.51953245155337,9.227929867733005,3.075976622577669,0.0,30.759766225776684,110.73515841279605,3.075976622577669,0.0,3.075976622577669,0.0
zizit,0.0,180.87855297157623,10.335917312661499,0.0,0.0,0.0,31.007751937984494,0.0,0.0,0.0,0.0
zkih-owmtnh,4.743270484999407,181.4300960512273,1.1858176212498517,0.0,0.0,0.0,201.5889956124748,0.0,0.0,0.0,0.0
