Sub_Category,ADJ,ADP,ADV,AUX,CCONJ,DET,INTJ,NOUN,NUM,PRON,PROPN,PUNCT,SCONJ,SYM,VERB,X
0,0.0742473709491404,0.09439590957966884,0.05230183673917231,0.014019979079752956,0.007902391686518144,0.008802108604853595,8.655813170977912e-05,0.3278029595566273,0.01256433951268991,0.034436726005720154,0.0995503853665554,0.12768299730084925,0.011342772639827957,0.011840177115005278,0.1224700033404124,0.0005534843914963341
6,0.09666783125163769,0.08413398550091711,0.059917896759542316,0.015962092759192942,0.014193379334439689,0.01115817975369028,0.00013101580924098174,0.4038999039217399,0.004563717355227531,0.047667918595510526,0.023866713250065508,0.0827583195038868,0.013167088828718665,0.007162197571840335,0.13453140012228143,0.0002183596820683029
7,0.08412972492434992,0.08680525874891012,0.06632417554237259,0.019651924161865522,0.013061391961431282,0.012685278580342947,0.00011967243943719761,0.37317285829073565,0.005547672371052946,0.060682474826047564,0.03126869881866206,0.09068606499923068,0.01629254782623562,0.002778110201220659,0.13661463764894946,0.00017950865915579642
0,0.07612050301718182,0.09537519001335852,0.052052144271960935,0.01333548297940946,0.00778478971854991,0.007577502418351836,2.3031922244230504e-05,0.3271684554792943,0.011769312266801788,0.03397208531023999,0.10216960707540651,0.12692892348795431,0.011308673821917177,0.011538993044359482,0.12216131558339859,0.0007139895895711456
06,0.09201543484713565,0.08489165924606708,0.06193727119817948,0.015830612446819037,0.014247551202137132,0.012862372613040468,0.00019788265558523795,0.3958642524982685,0.004155535767289997,0.052438903730088055,0.02226179875333927,0.08855248837439399,0.013357079252003561,0.008113188878994756,0.1329771445532799,0.00029682398337785694
abdim,0.037102822182751134,0.10716400236826525,0.08190250641405171,0.03295835800276298,0.03078744819419775,0.011643970791395303,0.0,0.31774225379909216,0.0205249654627985,0.06216696269982238,0.011643970791395303,0.036313400434181964,0.023485297019932898,0.0007894217485691731,0.22498519834221434,0.0007894217485691731
abl,0.03550370091581985,0.1067620122945678,0.07753105005645465,0.029983690879437964,0.029983690879437964,0.023334587881068874,0.0,0.3033496424538954,0.030109145652992095,0.04428553506460921,0.016685484882699785,0.08342742441349893,0.014050934638062978,0.0,0.20474219044034625,0.0002509095471082675
abowdt-iowm-hkpowrim,0.037004788855028295,0.10709621245102308,0.05964301262516326,0.022638223770134958,0.012189812799303439,0.013931214627775359,0.0017414018284719198,0.37309534175010883,0.030474531998258596,0.04440574662603396,0.013495864170657379,0.07618632999564649,0.01697866782760122,0.0017414018284719198,0.1893774488463213,0.0
abowdt-kowkbim,0.0340222128497118,0.10305075214396175,0.06874736398144243,0.03458456347532687,0.030366933783213833,0.0213693237733727,0.0,0.3230704344158583,0.018557570645297342,0.06649796147898214,0.017151694081259664,0.04878391677210741,0.01630816814283706,0.0,0.2170673414874174,0.00042176296921130323
adowt,0.05151702786377709,0.09572755417956656,0.08309597523219814,0.02637770897832817,0.02873065015479876,0.013869969040247678,0.0,0.2891640866873065,0.034303405572755415,0.08074303405572755,0.020185758513931888,0.053126934984520126,0.016842105263157894,0.0,0.20619195046439628,0.0001238390092879257
airowbin,0.0475095785440613,0.09786535303776683,0.06973180076628352,0.04050355774493705,0.03229337712096333,0.02375478927203065,0.0,0.30793650793650795,0.05856595511767926,0.07443897099069513,0.012917350848385332,0.04696223316912972,0.024630541871921183,0.0,0.1625615763546798,0.0003284072249589491
aishowt,0.039640216154721276,0.10310011376564278,0.08080915813424346,0.030681171786120592,0.034023037542662116,0.014718430034129693,0.0,0.2977815699658703,0.025775028441410695,0.07867605233219567,0.008283560864618886,0.04774601820250284,0.02253981797497156,0.0019553469852104663,0.21377275312855518,0.0004977246871444823
aisowri-biah,0.052294094709934576,0.0993457822451367,0.07434686538711495,0.028205017113643257,0.03453056626662623,0.014904033620727005,0.0,0.32611238681166327,0.033317447250985656,0.06516182141155062,0.01689701486070794,0.05155755816472423,0.02027641783284953,0.0003466054330401629,0.1819245266669555,0.0007798622243403666
aisowri-mzbch,0.06341140079540433,0.09655324790101635,0.07666813963764914,0.032037118868758284,0.0382235969951392,0.017675651789659744,0.0,0.31749889527176317,0.02695536897923111,0.04971277065841803,0.009058771542200618,0.06429518338488732,0.020989836500220946,0.0004418912947414936,0.18382677861246133,0.0026513477684489617
arkin,0.03587126045654331,0.09428611938182334,0.08308521196653906,0.02736424216645399,0.03487877498936623,0.021409329363391464,0.0,0.3163192967531547,0.03643839500921594,0.06309371898482916,0.008507018290089324,0.050333191549695164,0.021976463916064087,0.0,0.20601162625832978,0.0004253509145044662
articles,0.11219810455518191,0.091514172162292,0.05113333624492292,0.014945189326112591,0.010385640040179936,0.008926933659431367,4.367384373498712e-05,0.4023234484867013,0.005791151679259292,0.03528846573786959,0.029156658077477398,0.1098397169934926,0.01108442153993973,0.0037646853299558893,0.11325501157356858,0.00034939074987989693
baba-metsiah,0.044743892386091125,0.0839984262589928,0.04599445443645084,0.02094574340527578,0.011995091426858513,0.010786683153477219,7.962380095923262e-05,0.2691940197841727,0.03655200839328537,0.044519072242206234,0.05827993854916067,0.19036177308153476,0.011447092326139089,4.6837529976019185e-05,0.1704651903477218,0.0005901528776978417
biat-hmkdsh,0.05204582651391162,0.079050736497545,0.07479541734860884,0.029296235679214404,0.03518821603927987,0.021112929623567922,0.0,0.3199672667757774,0.02160392798690671,0.07004909983633388,0.019476268412438626,0.07054009819967266,0.0176759410801964,0.0,0.18870703764320784,0.0004909983633387888
bit-hbchirh,0.03855901520637219,0.10047067342505431,0.049420709630702386,0.028059377262853007,0.015387400434467777,0.020637219406227373,0.0,0.391383055756698,0.06046343229543809,0.04688631426502535,0.0331281679942071,0.06716147719044172,0.005973931933381607,0.0005430847212165098,0.139934829833454,0.0019913106444605358
bkowrim,0.0377496346809547,0.09266926449098879,0.06697515830491962,0.03348757915245981,0.028494885533365807,0.014734534827082318,0.0,0.33170969313200194,0.03226984900146128,0.050535801266439355,0.020214320506575744,0.06624452021432051,0.019970774476376036,0.0,0.20396980029225523,0.000974184120798831
bkowrowt,0.03826685563879328,0.11014375379631504,0.07855841263413646,0.028143348856043734,0.02773840858473375,0.015185260174124316,0.0,0.3045150840251063,0.042721198623203074,0.06256327191739218,0.011540797732334481,0.05041506377809273,0.019639603158534115,0.0006074104069649726,0.20996153067422554,0.0
blogs,0.06379009687949257,0.09262709906441051,0.12215652205522799,0.019916098591495145,0.012023165513039776,0.023752550265171653,0.0034594825473955224,0.2146888982330162,0.008816743371232973,0.10809943596191092,0.031121536454155347,0.11362919030806609,0.00953730141836163,0.002301311754690793,0.17154646821697622,0.0025340993653566596
brkowt,0.03661178509532063,0.11070190641247833,0.06217504332755633,0.030654246100519932,0.02512998266897747,0.019064124783362217,0.0,0.32474003466204504,0.022530329289428077,0.0557842287694974,0.01451473136915078,0.062066724436741764,0.02058058925476603,0.0,0.21501299826689774,0.0004332755632582322
chgigh,0.05583756345177665,0.07529610829103214,0.0583756345177665,0.04230118443316413,0.02707275803722504,0.024534686971235193,0.0,0.36717428087986465,0.0194585448392555,0.051607445008460234,0.025380710659898477,0.05414551607445008,0.01692047377326565,0.001692047377326565,0.1793570219966159,0.0008460236886632825
chmz-owmzh,0.03130462418560305,0.10233592880978866,0.07230255839822025,0.034641665342443985,0.024471635150166853,0.018115366279993644,0.0,0.31225170824725884,0.029874463689814078,0.06372159542348642,0.024789448593675514,0.05100905768314,0.024948355315429844,0.00762752264420785,0.20244716351501668,0.0001589067217543302
chowbl-owmzik,0.04230091331517385,0.09709982374619452,0.07130267585322865,0.03541099182823265,0.03364845377343374,0.018426534209261335,0.0,0.29354270149014583,0.020189072264060248,0.06986059926293864,0.009453613203012337,0.05191475725044063,0.019387918602788014,0.004646691235378946,0.23185386957218396,0.0009613843935266784
daowt,0.053954802259887004,0.0940677966101695,0.08700564971751412,0.030508474576271188,0.029096045197740113,0.02062146892655367,0.0,0.2985875706214689,0.012429378531073447,0.07033898305084746,0.00903954802259887,0.07457627118644068,0.016101694915254237,0.0,0.20310734463276836,0.0005649717514124294
doctors,0.10605753024988315,0.08655030946232396,0.04890024029950099,0.013483209721507513,0.009805541523659351,0.00899352749281226,1.416303542175159e-05,0.4152979666602146,0.006533880341234734,0.03035138490881366,0.02902005957916901,0.10621332363952242,0.011202961018605507,0.004343330862670487,0.12298707859068356,0.00024549261397702757
forum,0.07489327906284125,0.07010821006651445,0.06550183659287204,0.01584433634468381,0.011873324729474834,0.013362454085178199,0.002521592375657699,0.3542539461927926,0.004387967834805917,0.06172937555842351,0.06026010126079619,0.10068499950362354,0.012766802342896852,0.021622158244812867,0.12965352923657303,0.0005360865680532115
girowshin,0.042564311015620464,0.10051681087044886,0.0917484466639568,0.033679809534870216,0.03559607456013007,0.009639393763428372,0.0,0.2690900644561872,0.019743336623889437,0.0857093084025318,0.008536089657975728,0.046629115614656526,0.02647929853086348,0.0013355786539689914,0.2280936066430521,0.0006387550084199524
gnibh,0.031348511383537656,0.1052539404553415,0.05936952714535902,0.025394045534150613,0.040630472854640984,0.010507880910683012,0.0,0.33677758318739054,0.04588441330998249,0.05183887915936953,0.010507880910683012,0.0425569176882662,0.022591943957968475,0.006654991243432574,0.20735551663747812,0.003327495621716287
gzlh-owabdh,0.02590594849198511,0.11707057661627289,0.07923725594469345,0.03585808706221986,0.035934057585656765,0.013750664742080074,0.0,0.296512952974246,0.020208159234217125,0.06768973638228368,0.009420344906176404,0.038744966952822306,0.02613386006229583,0.00410240826559295,0.22730380612322418,0.0021271746562333813
ibowm-owchlizh,0.05046109211480675,0.10548129727489379,0.077919386592063,0.033157185783856596,0.035022277484198526,0.010465236763029738,0.0,0.3013159258107968,0.03792353124028598,0.06963009014609885,0.019168998031292094,0.03740545021241322,0.021966635581804995,0.003522950989534763,0.19365868821883742,0.002901253756087452
iowm-towb,0.057708333333333334,0.10427083333333333,0.07697916666666667,0.036041666666666666,0.030625,0.017291666666666667,0.0,0.31427083333333333,0.0165625,0.0578125,0.012708333333333334,0.0553125,0.019895833333333335,0.00375,0.1965625,0.00020833333333333335
isowdi-htowrh,0.038232373386295926,0.09433962264150944,0.07621648460774579,0.02631578947368421,0.024826216484607744,0.030536246276067526,0.0,0.30486593843098314,0.022343594836146972,0.08887785501489573,0.03723932472691162,0.06529294935451838,0.011420059582919563,0.0,0.17874875868917578,0.0007447864945382324
kdowsh-hchdsh,0.059462373873526916,0.08826927520603867,0.05638142185935454,0.03381344835554186,0.02087344989601787,0.018331664484325657,0.0,0.31787722406223523,0.09574058384040668,0.055611183855811444,0.028960948933220366,0.06531618270045444,0.018177616883617038,0.0006932142031887853,0.13949010244165447,0.0010013094046060233
kelim,0.069449575175471,0.09937199852234946,0.026967122275581824,0.009604728481714075,0.010343553749538234,0.014407092722571112,0.0,0.2541558921315109,0.046176579239009974,0.021425932766900628,0.06427779830070188,0.25120059106021425,0.011451791651274473,0.0,0.12116734392316217,0.0
klaim,0.03846650316251452,0.11075254937395121,0.0707370595069059,0.04027365431780044,0.03575577642958565,0.01781334710210404,0.0,0.3335484703756293,0.04905124564347489,0.06751000387246676,0.009035755776429585,0.046082354459790885,0.02155673163805344,0.0,0.15928746611591585,0.0001290822253775655
kli-hmkdsh,0.03744033412887828,0.10173031026252984,0.05369928400954654,0.029236276849642005,0.022822195704057278,0.0258054892601432,0.00014916467780429595,0.3533711217183771,0.0441527446300716,0.04847852028639618,0.029534606205250596,0.07010739856801909,0.010739856801909307,0.00044749403341288785,0.1718377088305489,0.00044749403341288785
klim,0.06753037524333759,0.10914949318654762,0.053769215278243944,0.030543062361549304,0.024971470765926027,0.017654561321071356,0.0,0.3696046183795395,0.022957642478351345,0.0563200644425052,0.008256695979056186,0.052091025038598374,0.01752030610189971,0.0004027656575149359,0.16822178962207157,0.0010069141437873397
krbn-psch,0.04681555004135649,0.11397849462365592,0.06650124069478908,0.031596360628618696,0.02663358147229115,0.011579818031430935,0.0,0.2880066170388751,0.035897435897435895,0.05492142266335815,0.030107526881720432,0.06286186931348221,0.02001654259718776,0.0,0.2109181141439206,0.00016542597187758478
kriat-shma,0.04341372912801484,0.11205936920222634,0.0686456400742115,0.04712430426716141,0.02894248608534323,0.011873840445269016,0.0,0.3068645640074211,0.0163265306122449,0.059369202226345084,0.01261595547309833,0.05009276437847866,0.02300556586270872,0.0007421150278293135,0.21855287569573284,0.00037105751391465676
literary,0.08457598500639384,0.10855688833753346,0.06344077884813089,0.020464101640995772,0.010714741598008394,0.011879620053948242,0.0002782255629672603,0.30383683752315044,0.012000388292818647,0.05220627520941442,0.0508701810224178,0.1308065254595499,0.011367501572662352,0.0005809105160854886,0.13800981585900995,0.00041122349691314854
mailh,0.03109740426625546,0.11847854022102287,0.08095605242868158,0.01824723721408378,0.0328964276535595,0.014649190439475714,0.0,0.3459264970444616,0.01593420714469288,0.05551272166538165,0.008481110254433308,0.05654073502955539,0.01670521716782318,0.0,0.20457465947057313,0.0
maklowt-asowrowt,0.04997091639786368,0.11072920522447253,0.0692718523610597,0.03447728835069536,0.03230923800962403,0.017926074771297127,0.0,0.3398551107820845,0.018507746814023583,0.05710961874041563,0.01163344085452911,0.055999153931574217,0.02194489979377082,0.0002643963830574798,0.17968378192586326,0.00031727565966897575
mashh-hkrbnowt,0.04007577965607695,0.09727484698338677,0.06681725444476828,0.02229670649956281,0.026887204896531625,0.02127659574468085,0.0,0.36898863305158847,0.02929175167589624,0.043500437190323524,0.008233751092975809,0.06798309530749053,0.01632177207811134,7.28650539201399e-05,0.19097930632468668,0.0
mashr,0.03970504821327283,0.11366988088485536,0.06761202495745888,0.04049914917753829,0.028814520703346568,0.012819058423142371,0.0,0.3066364152013613,0.02802041973908111,0.06352807714123652,0.019285309132161088,0.05104934770277935,0.01973908111174135,0.00022688598979013047,0.20737379466817923,0.0010209869540555871
mashr-shni,0.040353786622443336,0.1021282476506357,0.0765616362631288,0.029988944168048644,0.024599226091763404,0.012576008844665561,0.0,0.3264234383637369,0.02404643449419569,0.04809286898839138,0.028192371475953566,0.06578220011055833,0.02045328911000553,0.00013819789939192924,0.1994195688225539,0.0012437810945273632
mchowsri-kprh,0.0491566265060241,0.07421686746987952,0.06650602409638554,0.02891566265060241,0.02457831325301205,0.013493975903614458,0.0,0.356144578313253,0.060240963855421686,0.047710843373493975,0.019759036144578312,0.05012048192771084,0.016867469879518072,0.0009638554216867469,0.19132530120481928,0.0
mgilh,0.04215162000629129,0.07581000314564329,0.054105064485687325,0.026737967914438502,0.026737967914438502,0.022963195973576597,0.0012582573136206354,0.3161371500471846,0.0603963510537905,0.05001572821642026,0.05221767851525637,0.058823529411764705,0.016986473733878578,0.0034602076124567475,0.18905316137150047,0.0031456432840515887
milh,0.03869969040247678,0.1197110423116615,0.08101135190918472,0.03663570691434469,0.024251805985552117,0.01393188854489164,0.0,0.30546955624355004,0.018575851393188854,0.047471620227038186,0.02631578947368421,0.06398348813209494,0.025283797729618165,0.0,0.19814241486068113,0.0005159958720330237
mkirh,0.0336470217128437,0.11708112086641081,0.0822774827821881,0.030492613427264604,0.03885179538404921,0.017874980284948216,0.0,0.2815835129593607,0.019347037484885126,0.06440250249723989,0.0059408022711739655,0.07071131906839809,0.018453288470637715,0.00010514694285263655,0.21912622890489458,0.00010514694285263655
mkowowaowt,0.04421602218959047,0.10148474465655083,0.06656877141458639,0.036058084516234296,0.025615924294338392,0.01957905041605482,0.0,0.3574808288464676,0.02887909936368086,0.06167400881057269,0.004731603850546582,0.05188448360254528,0.015010605318975363,0.0011421112742698645,0.1838799151574482,0.0017947462881383587
mlkim,0.025680534155110426,0.08902585173771614,0.07430234548878617,0.02431090566683787,0.02790618044855333,0.022598870056497175,0.0,0.2908748501968841,0.02465331278890601,0.05307310392056155,0.04536894367402842,0.0999828796438966,0.016264338298236602,0.0,0.2054442732408834,0.0005136106831022085
mlowh,0.03645270513651754,0.1254232404005475,0.07816439737771054,0.033859232043800876,0.029464735970030978,0.014840429363878683,0.0,0.27894243930552554,0.02319717599596571,0.06339600893307398,0.02326921691520784,0.03328290468986384,0.02290901231899719,0.0005763273539370362,0.2354297240832793,0.0007924501116634248
mmrim,0.04820627802690583,0.08445440956651719,0.08071748878923767,0.034753363228699555,0.034005979073243646,0.0171898355754858,0.0,0.3243647234678625,0.016816143497757848,0.06427503736920777,0.015321375186846039,0.05455904334828102,0.017563527653213753,0.0007473841554559044,0.2070254110612855,0.0
mtmai-mshkb,0.06795480596037334,0.10365154740461766,0.0818732601932209,0.02570820370067136,0.03324054363844768,0.01735713116096283,0.0,0.3266743081709514,0.022760766333715408,0.059439986900278366,0.009988537743572948,0.0458490257082037,0.014900933355166202,0.0003274930407728836,0.1873260193220894,0.002947437366955952
mtnowt-aniim,0.04261397452684204,0.1004642304487561,0.07106296869420307,0.03642423521009404,0.027139626234972028,0.01880728484704202,0.0,0.3055588620402333,0.027377693131770027,0.06558743006784906,0.016426615879062016,0.062373526961076065,0.01975955243423402,0.0,0.2062849660754672,0.00011903344839900012
narh-btowlh,0.03849721706864564,0.0950834879406308,0.0839517625231911,0.025510204081632654,0.03200371057513915,0.011595547309833023,0.0,0.2940630797773655,0.03200371057513915,0.0728200371057514,0.013450834879406308,0.036641929499072357,0.02504638218923933,0.018089053803339517,0.21289424860853431,0.008348794063079777
nchlowt,0.03989307012132429,0.09603125642607444,0.07690725889368702,0.026938104050997325,0.03146206045650833,0.01192679415998355,0.0,0.34772774007814106,0.01953526629652478,0.06312975529508534,0.00658030022619782,0.04976352046062102,0.022002878881348963,0.0,0.20748509150730002,0.0006169031462060457
ndrim,0.041666666666666664,0.10220641867250183,0.09026258205689278,0.04093727206418672,0.03847556528081692,0.017596644784828593,0.0,0.2726112326768782,0.012673231218088986,0.0849744711889132,0.014132020423048869,0.05579868708971553,0.020058351568198397,0.00018234865061998541,0.20815098468271334,0.0002735229759299781
nzirowt,0.03917552170016643,0.0750224043016259,0.07988733836896685,0.03712712840865446,0.03187812059915504,0.014338753040583792,0.0,0.3223658942516963,0.04621687363973883,0.06746895403917552,0.008449622327486878,0.05722698758161567,0.021508129560875687,0.0007681474843169889,0.19856612469594162,0.0
nzki-mmown,0.05408043732916829,0.087172979304959,0.06374463100351425,0.028114017961733698,0.03084732526356892,0.012690355329949238,0.0,0.32526356891839125,0.027040218664584146,0.055739945333853964,0.008297540023428349,0.0475400234283483,0.027625927372120267,0.0059547051932838735,0.2241311987504881,0.001757126122608356
prh-adowmh,0.058569667077681874,0.1029593094944513,0.06288532675709001,0.02836004932182491,0.031288532675709003,0.016954377311960544,0.0,0.32876078914919854,0.022348951911220716,0.06750924784217016,0.0094019728729963,0.05132552404438964,0.01911220715166461,0.00015413070283600493,0.1997533908754624,0.0006165228113440197
psowli-hmowkdshin,0.04558352402745995,0.08100686498855836,0.07935926773455378,0.022791762013729976,0.032494279176201374,0.014736842105263158,0.0,0.3357437070938215,0.02608695652173913,0.04192219679633867,0.00631578947368421,0.08594965675057208,0.01977116704805492,0.0,0.20823798627002288,0.0
rowzch,0.03354670459933618,0.10478899952584163,0.0693456614509246,0.029990516832622095,0.03212422949265054,0.017425320056899004,0.0,0.2935040303461356,0.036391654812707445,0.05926979611190138,0.01896633475580844,0.05666192508297772,0.021811284969179705,0.0129208155523945,0.20779990516832622,0.005452821242294926
sanhedrin,0.05244648318042813,0.08618756371049949,0.044801223241590214,0.017380224260958206,0.011416921508664628,0.010703363914373088,5.0968399592252805e-05,0.2833333333333333,0.036238532110091745,0.04164118246687054,0.06218144750254842,0.16982670744138634,0.009938837920489297,0.0,0.172579001019368,0.0012742099898063201
shabat,0.07093848121874637,0.091522270031399,0.03163158506803117,0.018839399930224446,0.012443307361321083,0.009070822188626584,0.00023258518432375856,0.2753808582393302,0.022211885102918945,0.03081753692289801,0.059192929410396555,0.2258402139783696,0.011164088847540412,0.0,0.1403651587393883,0.0003488777764856379
shalh,0.028401122019635343,0.10273492286115007,0.06907433380084152,0.03997194950911641,0.037868162692847124,0.012272089761570827,0.0,0.30434782608695654,0.015077138849929873,0.05925666199158485,0.0070126227208976155,0.04137447405329593,0.024544179523141654,0.0010518934081346423,0.255960729312763,0.0010518934081346423
shar-abowt-htowmah,0.07618874443131193,0.07937085189562687,0.07255205018638058,0.02563869442676607,0.02954814074006728,0.013001181925629603,0.0,0.34439494499499956,0.01781980180016365,0.06655150468224384,0.01272842985725975,0.05082280207291572,0.02072915719610874,0.00018183471224656787,0.18947177016092373,0.0010000909173561233
shbitt-ashowr,0.04592496765847348,0.09184993531694696,0.052393272962483826,0.0407503234152652,0.03040103492884864,0.023932729624838292,0.0,0.32858990944372574,0.03169469598965071,0.04851228978007762,0.020051746442432083,0.06080206985769728,0.016170763260025874,0.010996119016817595,0.19728331177231564,0.000646830530401035
shbowaowt,0.028208272940127104,0.09109153751811797,0.09889619801538634,0.027539302040361244,0.03868881703645891,0.011706990745902554,0.0,0.2718251756048612,0.021518563942468504,0.08473631397034229,0.009254097446761067,0.05307169138142491,0.0181737094436392,0.0,0.24517783476418775,0.0001114951499609767
shbt,0.043607700813745785,0.11052198814823216,0.07079871842127647,0.03805041254359352,0.03118886274065043,0.017409056111599423,2.8353511582409482e-05,0.30281550370013327,0.0284102186055743,0.056565255606906915,0.0242138988913777,0.057103972326972695,0.02339164705548782,0.0018146247412742069,0.19362613059627434,0.0004536561853185517
shchith,0.057459328487365874,0.101159570785739,0.07390100380754587,0.02795084804430599,0.03331602630668051,0.013326410522672204,8.653513326410523e-05,0.30875735548632743,0.018778123918310834,0.05676704742125303,0.011941848390446522,0.06983385254413292,0.03271028037383177,0.0006922810661128419,0.19132917964693666,0.0019903080650744203
shggowt,0.04519259933272672,0.09842280861389141,0.06960873521383075,0.027600849256900213,0.030633909614801336,0.018198362147406732,0.0,0.30012132241431605,0.04443433424325144,0.07158022444646649,0.014710342735820442,0.056111616621170764,0.01835001516530179,0.00030330603579011223,0.20442826812253564,0.00030330603579011223
shkirowt,0.02384914032168608,0.10408578295433536,0.07690885561101868,0.03401737844333518,0.032908116102791644,0.015714549824366795,0.00018487705675725643,0.3194675540765391,0.022000369754113513,0.05546311702717693,0.008689221667591052,0.040118321316324645,0.02107598447032723,0.00018487705675725643,0.24496210020336476,0.00036975411351451286
shklim,0.038766152563568156,0.09670696123384744,0.055856606919549814,0.03042934556065027,0.01625677365568987,0.026677782409337224,0.0,0.35431429762401,0.032096706961233845,0.06169237182159233,0.01792413505627345,0.06002501042100875,0.012505210504376824,0.003751563151313047,0.19216340141725718,0.0008336807002917883
shknim,0.02796875,0.123125,0.06859375,0.03359375,0.031875,0.01421875,0.0,0.31859375,0.0328125,0.0590625,0.0109375,0.03859375,0.0203125,0.0009375,0.21859375,0.00078125
shlowchin-owshowtpin,0.022773722627737226,0.11591240875912409,0.08817518248175182,0.031532846715328466,0.03912408759124088,0.018102189781021898,0.0,0.27970802919708027,0.018102189781021898,0.07328467153284672,0.016058394160583942,0.030656934306569343,0.021605839416058394,0.0,0.24467153284671533,0.00029197080291970805
shmith-owiowbl,0.03384042222912139,0.0946910897236883,0.06581806892269482,0.030942771396046776,0.02907999586049881,0.01769636758770568,0.0,0.35506571458139297,0.026182345027424194,0.050087964400289765,0.02131843112904895,0.06426575597640484,0.016040567111663045,0.0008279002380213184,0.1929007554589672,0.0012418503570319776
showpr,0.05740181268882175,0.09523809523809523,0.06617752841317796,0.03352035678319666,0.02330599913681485,0.0220112214069918,0.00028772838440512156,0.3245576176089771,0.03869946770248885,0.060135232340670405,0.021004172061573876,0.06214933103150626,0.021291900445978996,0.0043159257660768235,0.16975974679902173,0.00014386419220256078
snhdrin,0.03850884662692781,0.10682183744914373,0.07408458699971615,0.030182609518402875,0.028857980887501182,0.02015327845586148,0.0,0.3070299933768568,0.031791087141640646,0.059797521052133595,0.01845018450184502,0.04806509603557574,0.017882486517172863,9.46163307786924e-05,0.21752294446021384,0.0007569306462295392
sowth,0.05011389521640091,0.12670842824601367,0.07773348519362187,0.026765375854214124,0.02619589977220957,0.012813211845102505,0.0,0.26651480637813213,0.029043280182232345,0.062072892938496584,0.017938496583143507,0.03986332574031891,0.01879271070615034,0.010535307517084282,0.22949886104783598,0.00541002277904328
tanach,0.011661807580174927,0.11078717201166181,0.011661807580174927,0.008746355685131196,0.0,0.026239067055393587,0.0,0.34110787172011664,0.03206997084548105,0.02040816326530612,0.1282798833819242,0.16034985422740525,0.01749271137026239,0.0,0.13119533527696792,0.0
taniowt,0.03122109158186864,0.09158186864014801,0.06174838112858464,0.022432932469935246,0.020814061054579093,0.020814061054579093,0.0,0.299722479185939,0.03469010175763182,0.06591119333950046,0.050185013876040706,0.07516188714153561,0.015263644773358002,0.01156336725254394,0.198427382053654,0.00046253469010175765
tapuz,0.06952828223336154,0.08446091051482332,0.08390665949955377,0.014289645665139798,0.010859976389678328,0.019474657483160285,0.002195142652123257,0.28372636717393707,0.009225514578987843,0.06816773101722422,0.05997227458958419,0.09591114494628523,0.009675602410413231,0.04583565878712903,0.13807537299421574,0.004695059064383136
tlmowd-towrh,0.037267080745341616,0.10981366459627329,0.07751552795031055,0.028322981366459627,0.022857142857142857,0.02111801242236025,0.0,0.3232298136645963,0.02062111801242236,0.05391304347826087,0.012919254658385093,0.06857142857142857,0.011677018633540372,0.0002484472049689441,0.21142857142857144,0.0004968944099378882
tmidin-owmowspin,0.04350747522257685,0.11893163111036452,0.05442633966067529,0.02066185116747858,0.016798252981689903,0.021837728876196876,0.0,0.3470519066017134,0.0520745842432387,0.04367545775239375,0.022173693935830675,0.06769695951621031,0.009575004199563246,0.0,0.18108516714261716,0.0005039475894506972
tmowrh,0.0341545352743561,0.0940649496080627,0.07894736842105263,0.031914893617021274,0.03975363941769317,0.010078387458006719,0.0,0.3370660694288914,0.019036954087346025,0.08790593505039193,0.010638297872340425,0.04983202687569989,0.015117581187010079,0.0,0.19148936170212766,0.0
towan,0.02911986039917112,0.12007852546624495,0.0860508234267641,0.03097393390773258,0.03588177554804232,0.01712291416730287,0.0,0.25466244955829426,0.026284218562547715,0.08016141345839241,0.010142872723306795,0.045152143090849604,0.01690478787217799,0.000654378885374632,0.24680990293379867,0.0
towmat-aowklin,0.05593877990946325,0.0946324638930804,0.06553136451821513,0.036214701444276784,0.02543651649062298,0.02112524250916146,0.0,0.36117697779693897,0.011317094201336494,0.05593877990946325,0.005604656175899978,0.05195085147661134,0.01929295106704031,0.0002155636990730761,0.19497736581159733,0.0006466910972192282
towmat-mt,0.06046728971962617,0.10457943925233645,0.06504672897196262,0.029439252336448597,0.03,0.017850467289719625,0.0,0.36429906542056073,0.019906542056074766,0.05635514018691589,0.006822429906542056,0.05504672897196262,0.018037383177570095,0.0009345794392523365,0.1705607476635514,0.0006542056074766356
towmat-zrat,0.0663451511991658,0.09254431699687174,0.05943691345151199,0.034932221063607924,0.034932221063607924,0.019030239833159542,0.0,0.3459332638164755,0.034150156412930135,0.06452033368091763,0.008993743482794577,0.049139728884254434,0.013425443169968717,0.0003910323253388947,0.17596454640250261,0.00026068821689259646
tpilh,0.04129220306048093,0.09205732329366043,0.06541980406444822,0.027609100477694114,0.019998380697919198,0.019512590073678244,0.00024289531212047608,0.323455590640434,0.030119018702939034,0.053517933770544895,0.04226378430896284,0.062019269694761556,0.01659784632823253,0.0005667557282811108,0.2044368877014007,0.0008906161444417456
tpilin,0.05321285140562249,0.11244979919678715,0.05572289156626506,0.02961847389558233,0.028990963855421686,0.020958835341365462,0.0,0.3445030120481928,0.03627008032128514,0.05471887550200803,0.014683734939759037,0.07141064257028112,0.01782128514056225,0.000502008032128514,0.15825803212851405,0.0008785140562248996
trowmowt,0.04097881665449233,0.10496712929145362,0.06968590211833454,0.0295836376917458,0.027100073046018993,0.0112490869247626,0.0,0.3319211102994887,0.029072315558802044,0.050693937180423664,0.025858290723155587,0.057633308984660334,0.019722425127830533,0.00014609203798392987,0.20073046018991966,0.0006574141709276845
tshowbh,0.04583205167640726,0.08551215010765918,0.0741310366041218,0.02337742233159028,0.02030144570901261,0.027683789603199015,0.00030759766225776686,0.31744078745001536,0.011381113503537373,0.08551215010765918,0.032605352199323284,0.05905875115349123,0.015379883112888341,0.0,0.20086127345432175,0.0006151953245155337
zizit,0.05219638242894057,0.1111111111111111,0.07286821705426356,0.03307493540051679,0.02635658914728682,0.01757105943152455,0.0,0.3302325581395349,0.041343669250646,0.06149870801033592,0.007235142118863049,0.059948320413436694,0.019638242894056846,0.0,0.1669250645994832,0.0
zkih-owmtnh,0.03391438396774576,0.10138740661686232,0.07458792837661568,0.02703664176449662,0.03747183683149532,0.019328827226372584,0.0,0.28044586742558997,0.02407209771137199,0.060002371635242496,0.013399739120123325,0.07541800071149057,0.022056207755247245,0.00023716352424997035,0.2305229455709712,0.00011858176212498517
