,Sentence_Length,Sentence_Length,Sentence_Length,Sentence_Length,Sentence_Length,Sentence_Length,Sentence_Length,Sentence_Length,Sentence_Depth,Sentence_Depth,Sentence_Depth,Sentence_Depth,Sentence_Depth,Sentence_Depth,Sentence_Depth,Sentence_Depth
,count,mean,std,min,25%,50%,75%,max,count,mean,std,min,25%,50%,75%,max
Sub_Category,,,,,,,,,,,,,,,,
0,43567.0,18.827621823857505,11.503047385694584,3.0,11.0,17.0,24.0,128.0,43567.0,5.595358872541143,1.951964002254666,1.0,4.0,5.0,7.0,19.0
6,3238.0,14.106856084002471,9.066619665104719,3.0,8.0,12.0,18.0,86.0,3238.0,5.166769610870908,1.8318184892309406,1.0,4.0,5.0,6.0,16.0
7,8515.0,13.738813857897828,8.630522573922494,3.0,7.0,12.0,18.0,80.0,8515.0,4.896652965355256,1.6726128814661483,1.0,4.0,5.0,6.0,15.0
0,2198.0,19.75705186533212,12.092690602066556,3.0,12.0,17.0,25.0,107.0,2198.0,5.721110100090992,1.9281637446538198,2.0,4.0,6.0,7.0,16.0
06,743.0,13.606998654104979,7.574183311725484,3.0,8.0,12.0,18.0,47.0,743.0,5.064602960969045,1.730843965443908,2.0,4.0,5.0,6.0,13.0
abdim,106.0,47.801886792452834,24.19540287359633,10.0,28.25,44.5,60.5,106.0,106.0,6.7924528301886795,2.0826584711079317,1.0,6.0,7.0,8.0,14.0
abl,184.0,43.32065217391305,23.28325009725813,5.0,26.5,37.0,59.0,107.0,184.0,6.266304347826087,2.0405065895112706,1.0,5.0,6.0,7.0,15.0
abowdt-iowm-hkpowrim,51.0,45.03921568627451,30.25885707313726,6.0,19.5,37.0,62.5,107.0,51.0,6.627450980392157,1.9074672664423415,3.0,5.0,6.0,8.0,14.0
abowdt-kowkbim,129.0,55.13953488372093,24.694933749799304,11.0,37.0,49.0,72.0,108.0,129.0,6.89922480620155,2.40716690725422,1.0,6.0,7.0,8.0,14.0
adowt,158.0,51.107594936708864,25.214389139071656,5.0,33.0,45.0,68.0,105.0,158.0,7.360759493670886,2.6038148261338874,1.0,6.0,7.0,9.0,17.0
airowbin,164.0,55.701219512195124,20.108655731139315,3.0,40.75,52.5,67.0,102.0,164.0,7.0426829268292686,2.5938828694768805,1.0,6.0,7.0,9.0,16.0
aishowt,646.0,43.54179566563467,17.71656131950103,3.0,31.0,42.0,55.0,99.0,646.0,6.746130030959752,2.3854745599333045,1.0,5.0,7.0,8.0,17.0
aisowri-biah,493.0,46.817444219066935,19.278846509140532,6.0,32.0,45.0,59.0,104.0,493.0,6.9736308316430025,2.2199470809682627,1.0,6.0,7.0,8.0,15.0
aisowri-mzbch,99.0,45.717171717171716,20.51134101628996,5.0,31.0,42.0,58.5,107.0,99.0,6.424242424242424,2.2227529772274863,2.0,5.0,7.0,8.0,13.0
arkin,168.0,41.982142857142854,19.425729346671346,6.0,28.75,38.0,52.25,107.0,168.0,6.511904761904762,2.0059435495071947,2.0,5.0,6.5,8.0,12.0
articles,5991.0,19.10949757970289,11.597148414597566,3.0,11.0,17.0,24.0,114.0,5991.0,5.8592889334001,1.981061441719858,1.0,4.0,6.0,7.0,21.0
baba-metsiah,445.0,19.312359550561798,11.2489821383853,3.0,11.0,17.0,25.0,64.0,445.0,5.047191011235955,1.4841573190422799,1.0,4.0,5.0,6.0,11.0
biat-hmkdsh,144.0,42.43055555555556,20.377436025906178,5.0,27.0,40.0,53.25,97.0,144.0,6.916666666666667,2.777280452760706,1.0,5.0,7.0,9.0,15.0
bit-hbchirh,133.0,41.53383458646616,19.89462729062892,5.0,29.0,38.0,51.0,101.0,133.0,6.774436090225564,2.3792554901003125,1.0,5.0,7.0,8.0,17.0
bkowrim,221.0,37.158371040723985,18.359225698365417,4.0,24.0,35.0,46.0,103.0,221.0,6.276018099547511,2.3082489387644656,1.0,5.0,6.0,8.0,16.0
bkowrowt,119.0,41.50420168067227,20.15443507972151,5.0,27.0,38.0,54.0,100.0,119.0,6.73109243697479,1.645216378492799,3.0,6.0,7.0,8.0,12.0
blogs,462798.0,12.363826118522551,10.714771638023347,2.0,5.0,9.0,16.0,147.0,462798.0,4.206861308821559,1.7792114568934612,0.0,3.0,4.0,5.0,30.0
brkowt,176.0,52.45454545454545,18.02373615361324,20.0,39.0,49.0,63.5,100.0,176.0,7.482954545454546,2.2902886451104973,2.0,6.0,7.0,9.0,16.0
chgigh,28.0,42.214285714285715,17.349046601742067,15.0,29.5,45.5,54.5,78.0,28.0,6.821428571428571,2.326236372636208,3.0,5.75,6.5,7.25,14.0
chmz-owmzh,123.0,51.16260162601626,19.295108521285755,11.0,38.0,49.0,64.0,103.0,123.0,7.373983739837398,2.3691956647972527,1.0,6.0,7.0,8.0,14.0
chowbl-owmzik,154.0,40.52597402597402,14.628380533023085,6.0,29.25,41.0,52.0,78.0,154.0,6.4935064935064934,2.338221080269998,1.0,5.0,6.0,8.0,17.0
daowt,52.0,68.07692307692308,27.560874622456215,23.0,41.75,67.0,96.5,113.0,52.0,7.653846153846154,2.448565929911256,3.0,6.0,8.0,9.0,16.0
doctors,11958.0,17.713580866365614,10.050112849714084,3.0,10.0,16.0,23.0,92.0,11958.0,5.744355243351731,1.9282846455446419,1.0,4.0,6.0,7.0,20.0
forum,2930.0,17.18941979522184,13.15778490176897,3.0,8.0,14.0,22.0,110.0,2930.0,5.258361774744027,1.9636001502837044,1.0,4.0,5.0,6.0,15.0
girowshin,371.0,46.4177897574124,19.136369970351353,12.0,32.0,43.0,59.0,103.0,371.0,7.061994609164421,2.2297582731604826,1.0,6.0,7.0,8.0,16.0
gnibh,149.0,38.32214765100671,15.385263419635212,3.0,27.0,35.0,48.0,83.0,149.0,6.919463087248322,2.2194374090024693,2.0,5.0,7.0,8.0,13.0
gzlh-owabdh,325.0,40.50153846153846,16.308867658194348,9.0,28.0,38.0,49.0,95.0,325.0,6.901538461538461,2.2435430194564905,1.0,6.0,7.0,8.0,16.0
ibowm-owchlizh,217.0,44.474654377880185,19.778883076060534,3.0,30.0,42.0,57.0,102.0,217.0,6.714285714285714,2.4723336875174966,1.0,5.0,7.0,8.0,14.0
iowm-towb,182.0,52.747252747252745,18.230624108744315,3.0,39.25,52.0,63.0,106.0,182.0,6.9945054945054945,2.504134156881426,1.0,6.0,7.0,8.0,15.0
isowdi-htowrh,67.0,60.11940298507463,25.20973981334108,12.0,40.0,56.0,82.0,111.0,67.0,7.223880597014926,2.718181742549035,2.0,5.0,7.0,8.5,16.0
kdowsh-hchdsh,229.0,56.69432314410481,20.863024731934132,3.0,42.0,53.0,72.0,105.0,229.0,6.890829694323144,2.39541845441375,1.0,6.0,7.0,8.0,16.0
kelim,175.0,15.468571428571428,8.5277023703674,4.0,10.0,13.0,19.5,52.0,175.0,4.668571428571428,1.2882696736524326,2.0,4.0,5.0,5.0,10.0
klaim,180.0,43.03888888888889,19.958158435687647,8.0,27.75,41.0,55.0,106.0,180.0,6.2,2.1071837754897293,1.0,5.0,6.0,8.0,12.0
kli-hmkdsh,154.0,43.532467532467535,18.352456632825024,5.0,30.25,41.0,55.0,102.0,154.0,6.7727272727272725,2.3221657889301275,1.0,5.0,7.0,8.0,15.0
klim,392.0,38.00255102040816,23.787797891230163,3.0,19.0,31.0,53.0,108.0,392.0,6.668367346938775,2.397189186881884,2.0,5.0,6.0,8.0,16.0
krbn-psch,120.0,50.375,25.85059286090948,6.0,29.0,47.0,69.75,101.0,120.0,6.958333333333333,2.538430115441509,1.0,5.0,7.0,8.0,15.0
kriat-shma,56.0,48.125,18.91806495966704,4.0,35.0,46.0,59.0,104.0,56.0,6.75,2.134138105780752,1.0,5.0,7.0,8.0,11.0
literary,74536.0,17.552471289041538,11.644822404885803,2.0,9.0,15.0,23.0,132.0,74536.0,5.252884512182033,2.0057420083241695,0.0,4.0,5.0,6.0,20.0
mailh,97.0,40.11340206185567,23.004925328004852,3.0,23.0,35.0,57.0,102.0,97.0,6.515463917525773,2.005790586349597,2.0,5.0,6.0,8.0,13.0
maklowt-asowrowt,420.0,45.02619047619048,18.990432957819735,6.0,31.0,43.0,58.0,107.0,420.0,6.980952380952381,2.357057963047105,1.0,6.0,7.0,8.0,16.0
mashh-hkrbnowt,320.0,42.8875,19.978040452293605,6.0,29.0,40.0,53.0,105.0,320.0,6.559375,2.4100572158558933,1.0,5.0,6.0,8.0,15.0
mashr,221.0,39.886877828054295,19.714573744694714,4.0,25.0,35.0,52.0,102.0,221.0,6.660633484162896,2.059950916573474,1.0,5.0,6.0,8.0,14.0
mashr-shni,193.0,37.49222797927461,16.306350747416012,7.0,26.0,35.0,46.0,99.0,193.0,6.160621761658031,1.9121605436605726,1.0,5.0,6.0,7.0,12.0
mchowsri-kprh,44.0,47.15909090909091,22.430194746449178,6.0,32.75,43.0,65.25,91.0,44.0,6.545454545454546,2.118078829533592,1.0,5.0,7.0,7.25,13.0
mgilh,66.0,48.166666666666664,17.092133443225443,3.0,39.0,46.5,58.0,82.0,66.0,7.136363636363637,1.968102277176309,2.0,6.0,7.0,8.0,12.0
milh,37.0,52.37837837837838,18.085217031461777,3.0,43.0,54.0,62.0,92.0,37.0,6.8108108108108105,2.1322632451333363,1.0,6.0,7.0,8.0,11.0
mkirh,410.0,46.392682926829266,19.56306197307312,5.0,31.25,43.0,59.0,104.0,410.0,6.81219512195122,2.31426902831725,1.0,6.0,7.0,8.0,15.0
mkowowaowt,149.0,41.13422818791946,21.82939306522806,5.0,26.0,38.0,54.0,99.0,149.0,6.738255033557047,2.391979766801693,1.0,5.0,7.0,8.0,17.0
mlkim,128.0,45.6328125,24.293115285925673,5.0,26.0,42.0,63.25,104.0,128.0,6.734375,2.14983747783463,2.0,5.0,7.0,8.0,11.0
mlowh,264.0,52.57954545454545,22.52150046205991,4.0,35.0,51.0,67.0,108.0,264.0,7.083333333333333,2.4666341244042536,1.0,6.0,7.0,8.0,15.0
mmrim,60.0,44.6,24.117087268264484,5.0,28.0,42.0,54.25,107.0,60.0,6.8,2.223144817900069,3.0,5.0,6.5,8.0,12.0
mtmai-mshkb,129.0,47.34108527131783,24.31996868702722,8.0,28.0,43.0,63.0,101.0,129.0,6.713178294573644,2.298755772320147,1.0,6.0,7.0,8.0,14.0
mtnowt-aniim,199.0,42.21608040201005,20.395546719156634,5.0,26.0,39.0,54.0,106.0,199.0,6.683417085427136,2.1094487723433715,2.0,5.5,6.0,8.0,13.0
narh-btowlh,53.0,40.679245283018865,19.360719138846434,3.0,28.0,38.0,53.0,104.0,53.0,6.69811320754717,2.2496572872361056,2.0,5.0,6.0,8.0,12.0
nchlowt,109.0,44.61467889908257,22.275176458078445,5.0,31.0,40.0,53.0,107.0,109.0,7.091743119266055,1.6971724000888988,3.0,6.0,7.0,8.0,12.0
ndrim,247.0,44.40485829959514,19.291675841895707,5.0,30.0,41.0,56.0,98.0,247.0,6.562753036437247,2.103788035258698,1.0,5.0,7.0,8.0,13.0
nzirowt,177.0,44.12994350282486,19.47463549948237,5.0,30.0,41.0,57.0,96.0,177.0,6.632768361581921,2.2400410196919194,1.0,5.0,7.0,8.0,14.0
nzki-mmown,257.0,39.85992217898833,15.496592014259788,3.0,29.0,39.0,50.0,89.0,257.0,6.642023346303502,2.275091127862315,1.0,6.0,7.0,8.0,16.0
prh-adowmh,149.0,43.54362416107382,23.068488868337287,3.0,24.0,41.0,59.0,106.0,149.0,6.845637583892618,2.616798209218108,1.0,5.0,7.0,8.0,15.0
psowli-hmowkdshin,323.0,33.8235294117647,20.739956124619717,5.0,18.0,29.0,43.0,98.0,323.0,6.411764705882353,2.0971996221208293,1.0,5.0,6.0,7.0,16.0
rowzch,207.0,40.7536231884058,17.502625986417883,3.0,29.0,40.0,52.0,99.0,207.0,7.043478260869565,2.2690495590057402,1.0,6.0,7.0,8.0,15.0
sanhedrin,157.0,19.579617834394906,11.513719457692595,4.0,12.0,17.0,24.0,77.0,157.0,4.8471337579617835,1.3921280753393224,2.0,4.0,5.0,6.0,11.0
shabat,278.0,16.48201438848921,8.319306863297736,4.0,11.0,15.0,21.0,68.0,278.0,4.726618705035971,1.3262457825568914,2.0,4.0,5.0,5.0,11.0
shalh,52.0,54.84615384615385,24.954377678259192,5.0,37.5,50.0,75.75,108.0,52.0,6.9423076923076925,3.1211703532581034,1.0,5.0,6.0,8.25,17.0
shar-abowt-htowmah,239.0,46.02092050209205,24.410434416306753,3.0,26.5,42.0,59.0,108.0,239.0,6.803347280334728,2.6849700890120975,1.0,5.0,6.0,8.0,16.0
shbitt-ashowr,29.0,53.310344827586206,21.012077221506722,3.0,40.0,51.0,64.0,100.0,29.0,7.689655172413793,2.842326113237211,3.0,6.0,7.0,9.0,15.0
shbowaowt,200.0,44.845,19.553071061592817,8.0,30.0,42.0,58.0,101.0,200.0,7.185,2.3746515216440143,2.0,6.0,7.0,8.25,16.0
shbt,676.0,52.17307692307692,19.924106002528696,3.0,37.0,50.5,65.25,107.0,676.0,7.047337278106509,2.377825090007157,1.0,5.0,7.0,9.0,15.0
shchith,349.0,33.11174785100287,20.84181265377028,5.0,16.0,31.0,46.0,103.0,349.0,6.042979942693409,2.280826693277892,1.0,4.0,6.0,7.0,15.0
shggowt,118.0,55.88135593220339,27.053340628679756,5.0,32.25,52.0,77.0,108.0,118.0,7.127118644067797,2.580487630885624,1.0,6.0,7.0,8.0,17.0
shkirowt,103.0,52.51456310679612,25.65604468685537,6.0,34.5,49.0,71.0,106.0,103.0,7.203883495145631,3.1039482235579965,2.0,5.0,7.0,9.0,15.0
shklim,51.0,47.03921568627451,20.62712852950088,3.0,32.5,42.0,60.5,101.0,51.0,6.803921568627451,2.172736595569166,1.0,6.0,7.0,8.0,12.0
shknim,139.0,46.0431654676259,23.737046964668053,4.0,28.0,43.0,60.0,106.0,139.0,7.0359712230215825,2.474244349415627,1.0,5.0,7.0,8.0,15.0
shlowchin-owshowtpin,60.0,57.083333333333336,22.144587789380545,5.0,41.75,52.5,71.0,105.0,60.0,7.366666666666666,2.6931593611653892,1.0,6.0,7.0,9.0,14.0
shmith-owiowbl,254.0,38.04330708661417,18.126316075653516,3.0,25.0,35.0,47.75,105.0,254.0,6.110236220472441,2.1179763122835804,1.0,5.0,6.0,7.0,14.0
showpr,134.0,51.87313432835821,19.63173035467486,3.0,39.25,49.5,65.0,96.0,134.0,6.917910447761194,2.200644155397918,1.0,6.0,7.0,8.0,13.0
snhdrin,233.0,45.36051502145923,24.443082790133772,3.0,26.0,41.0,62.0,107.0,233.0,6.76824034334764,2.5218741137166947,1.0,5.0,7.0,8.0,15.0
sowth,89.0,39.46067415730337,16.319297124302146,3.0,29.0,39.0,52.0,90.0,89.0,6.741573033707865,2.0534233604998198,1.0,6.0,7.0,8.0,11.0
tanach,5.0,68.6,4.505552130427524,64.0,65.0,68.0,71.0,75.0,5.0,5.8,2.7748873851023217,1.0,6.0,7.0,7.0,8.0
taniowt,88.0,49.13636363636363,20.236067617051514,3.0,31.75,49.0,63.0,94.0,88.0,6.238636363636363,2.2539585518826684,1.0,5.0,6.0,7.25,12.0
tapuz,50296.0,15.460990933672658,13.701833521732752,3.0,7.0,11.0,19.0,258.0,50296.0,4.7530221091140445,2.0246322902971543,0.0,3.0,4.0,6.0,23.0
tlmowd-towrh,98.0,41.07142857142857,29.232889964389475,6.0,18.25,33.0,58.25,107.0,98.0,6.112244897959184,2.363304750020307,1.0,5.0,6.0,7.75,13.0
tmidin-owmowspin,158.0,37.677215189873415,22.74653161419761,5.0,22.0,33.0,46.0,105.0,158.0,6.2405063291139244,2.1457419833697053,1.0,5.0,6.0,8.0,14.0
tmowrh,44.0,40.59090909090909,25.21748948445345,5.0,19.75,38.5,55.25,107.0,44.0,6.090909090909091,2.419092486173197,1.0,4.75,6.0,7.25,11.0
towan,163.0,56.25153374233129,23.231615207814926,6.0,40.0,54.0,70.5,106.0,163.0,7.478527607361963,2.7292142027251334,1.0,6.0,7.0,9.0,17.0
towmat-aowklin,249.0,37.261044176706825,22.64843796939837,3.0,19.0,33.0,50.0,98.0,249.0,6.421686746987952,2.413606332960935,1.0,5.0,6.0,8.0,18.0
towmat-mt,208.0,51.44230769230769,24.823950925998176,5.0,30.0,51.0,69.0,106.0,208.0,6.975961538461538,2.533714509550132,1.0,5.0,7.0,8.25,16.0
towmat-zrat,157.0,48.86624203821656,25.28455886895107,5.0,30.0,43.0,70.0,107.0,157.0,6.840764331210191,2.445586170991573,1.0,5.0,7.0,8.0,14.0
tpilh,234.0,52.782051282051285,18.89454409697551,5.0,39.0,51.5,64.75,103.0,234.0,6.978632478632479,2.472937786889256,1.0,6.0,7.0,8.0,21.0
tpilin,148.0,53.83783783783784,18.638725706805296,6.0,41.0,53.5,64.25,99.0,148.0,6.804054054054054,2.2059251804674127,1.0,5.0,7.0,8.0,14.0
trowmowt,315.0,43.46031746031746,19.842553350458125,3.0,29.0,41.0,55.0,101.0,315.0,6.907936507936508,2.267416778948922,1.0,5.5,7.0,8.0,15.0
tshowbh,50.0,65.02,24.328944716538942,23.0,45.25,67.0,84.0,103.0,50.0,7.12,2.911202851196791,1.0,5.0,6.5,9.0,14.0
zizit,39.0,49.61538461538461,21.52185594693937,3.0,28.5,50.0,67.0,94.0,39.0,6.435897435897436,2.3708189990055932,1.0,5.0,6.0,7.5,11.0
zkih-owmtnh,215.0,39.223255813953486,19.664390193611137,5.0,26.0,36.0,49.0,98.0,215.0,6.665116279069768,2.183078907060709,1.0,5.0,6.0,8.0,13.0
