,Sub_Category,Lemma,Count
18798,0,של,19639
295,0,[BLANK],19037
1784,0,את,15708
4342,0,הוא,11705
15246,0,על,10373
9344,0,לא,7737
293,0,=,6871
7174,0,זה,6350
4834,0,היי,5327
9057,0,כי,4629
7414,0,חברה,4268
285,0,/,4073
15272,0,עם,3720
3320,0,גם,3388
815,0,אחרון,3334
18961,0,שנה,2928
8461,0,יום,2748
1809,0,ב,2701
2370,0,בית,2595
8541,0,יותר,2558
19788,6,[BLANK],1223
23507,6,של,851
20074,6,את,649
22819,6,על,605
21446,6,יש,548
20556,6,הוא,540
19983,6,אם,531
21294,6,טיפול,467
21577,6,לא,454
21070,6,זה,396
21459,6,כאב,393
20102,6,בדיקה,392
19822,6,או,389
20009,6,אני,372
22826,6,עם,295
23304,6,רופא,266
21634,6,לי,261
19786,6,/,245
21944,6,מחלה,228
23745,6,תרופה,218
23839,7,[BLANK],3451
29139,7,של,2164
24216,7,את,2078
24090,7,אם,1653
24879,7,הוא,1651
28154,7,על,1511
26350,7,לא,1287
25650,7,זה,1272
26169,7,יש,1198
24130,7,אני,1189
26451,7,לי,996
24258,7,בדיקה,985
25965,7,טיפול,868
23882,7,או,821
28847,7,רופא,740
29440,7,תרופה,714
26191,7,כאב,668
24741,7,דר,659
28162,7,עם,578
26040,7,יום,565
35102,0,של,1071
29494,0,[BLANK],979
29956,0,את,861
30665,0,הוא,636
34018,0,על,530
32175,0,לא,420
29493,0,=,352
31432,0,זה,341
32075,0,כי,258
30821,0,היי,248
31501,0,חברה,223
29489,0,/,220
29652,0,אחרון,209
30391,0,גם,203
35160,0,שנה,187
34031,0,עם,173
31858,0,יום,159
32880,0,ממשלה,148
31888,0,יותר,138
30134,0,בית,137
35448,06,[BLANK],292
37266,06,של,200
35552,06,אם,136
35824,06,הוא,132
35597,06,את,128
36254,06,יש,126
36923,06,על,117
36047,06,זה,110
35464,06,או,88
36330,06,לא,82
36175,06,טיפול,81
35567,06,אני,69
36364,06,לי,63
37175,06,רופא,59
35609,06,בדיקה,58
36493,06,מחלה,56
37392,06,תרופה,54
35446,06,/,53
36264,06,כאב,52
36927,06,עם,52
37411,abdim,[BLANK],230
37973,abdim,עבד,166
37770,abdim,לא,128
37471,abdim,את,110
37780,abdim,לו,106
37561,abdim,הוא,98
37454,abdim,אם,91
37612,abdim,הרי,90
37444,abdim,אין,73
37424,abdim,או,72
37993,abdim,על,59
38003,abdim,עצם,59
37445,abdim,אינו,58
37640,abdim,זה,54
37672,abdim,חירות,52
37710,abdim,יצא,50
38073,abdim,רב,50
37909,abdim,נאמר,47
37696,abdim,יוצא,41
37497,abdim,בן,38
38183,abl,[BLANK],372
39056,abl,על,247
38712,abl,לא,165
38225,abl,אין,158
38920,abl,מת,153
38683,abl,כל,131
38189,abl,אבל,127
38619,abl,יום,127
38270,abl,את,123
38402,abl,הוא,120
38722,abl,לו,105
38184,abl,אב,90
38364,abl,דבר,79
38200,abl,או,76
38213,abl,אחר,73
38242,abl,אם,72
38227,abl,אינו,71
38429,abl,היי,66
38236,abl,אלא,65
38250,abl,אסור,65
39339,abowdt-iowm-hkpowrim,[BLANK],129
39739,abowdt-iowm-hkpowrim,על,40
39380,abowdt-iowm-hkpowrim,את,39
39587,abowdt-iowm-hkpowrim,לא,39
39420,abowdt-iowm-hkpowrim,דם,35
39491,abowdt-iowm-hkpowrim,זה,35
39430,abowdt-iowm-hkpowrim,הוא,34
39441,abowdt-iowm-hkpowrim,היי,31
39531,abowdt-iowm-hkpowrim,יום,31
39858,abowdt-iowm-hkpowrim,שעיר,30
39842,abowdt-iowm-hkpowrim,של,28
39351,abowdt-iowm-hkpowrim,אחר,26
39784,abowdt-iowm-hkpowrim,קודש,26
39366,abowdt-iowm-hkpowrim,אם,23
39570,abowdt-iowm-hkpowrim,כל,23
39847,abowdt-iowm-hkpowrim,שם,23
39729,abowdt-iowm-hkpowrim,עבודה,22
39406,abowdt-iowm-hkpowrim,גדול,21
39556,abowdt-iowm-hkpowrim,כוהן,21
39382,abowdt-iowm-hkpowrim,בגד,18
39886,abowdt-kowkbim,[BLANK],358
40119,abowdt-kowkbim,הוא,193
40391,abowdt-kowkbim,כוכב,175
40442,abowdt-kowkbim,לא,164
40783,abowdt-kowkbim,עבודה,142
39981,abowdt-kowkbim,את,105
40822,abowdt-kowkbim,על,101
40414,abowdt-kowkbim,כל,99
39961,abowdt-kowkbim,אסור,98
39900,abowdt-kowkbim,או,97
40679,abowdt-kowkbim,נאמר,91
40256,abowdt-kowkbim,זה,90
40150,abowdt-kowkbim,היי,84
39953,abowdt-kowkbim,אם,79
39933,abowdt-kowkbim,אין,69
41033,abowdt-kowkbim,של,69
40532,abowdt-kowkbim,מותר,67
40454,abowdt-kowkbim,לו,64
40077,abowdt-kowkbim,דבר,60
40793,abowdt-kowkbim,עובד,60
41123,adowt,[BLANK],315
41388,adowt,זה,213
41286,adowt,הוא,212
41337,adowt,העיד,205
41833,adowt,עד,186
41856,adowt,על,176
41565,adowt,לא,161
41150,adowt,אין,151
41835,adowt,עדות,139
41355,adowt,הרי,127
41165,adowt,אם,108
41184,adowt,את,107
41132,adowt,או,92
41139,adowt,אחר,88
41311,adowt,היי,86
41257,adowt,דבר,82
41264,adowt,דין,80
41476,adowt,יד,80
41996,adowt,שטר,80
42020,adowt,שנה,76
42068,airowbin,[BLANK],302
42700,airowbin,עירוב,241
42239,airowbin,הוא,208
42701,airowbin,על,207
42320,airowbin,זה,202
42110,airowbin,אם,187
42456,airowbin,לא,161
42370,airowbin,חצר,160
42074,airowbin,או,147
42260,airowbin,היי,146
42293,airowbin,הרי,134
42094,airowbin,אין,131
42157,airowbin,בית,127
42426,airowbin,כול,119
42816,airowbin,רשות,92
42096,airowbin,אינו,91
42699,airowbin,עירב,88
42392,airowbin,יום,85
42437,airowbin,כל,85
42465,airowbin,לו,84
42937,aishowt,[BLANK],1117
43271,aishowt,הוא,712
43820,aishowt,לא,670
43013,aishowt,אם,566
43046,aishowt,את,486
43840,aishowt,לה,463
43405,aishowt,הרי,460
42957,aishowt,או,445
42988,aishowt,אין,444
43319,aishowt,היי,437
43499,aishowt,זה,436
42996,aishowt,אישה,407
44421,aishowt,על,372
43815,aishowt,כתובה,321
43844,aishowt,לו,319
44114,aishowt,מקודש,311
43127,aishowt,בעל,310
42973,aishowt,אחר,232
43004,aishowt,אלא,229
43773,aishowt,כל,227
44932,aisowri-biah,[BLANK],1249
45284,aisowri-biah,הוא,616
45816,aisowri-biah,לא,472
46406,aisowri-biah,על,460
45510,aisowri-biah,זה,432
44954,aisowri-biah,או,395
45005,aisowri-biah,אם,364
45339,aisowri-biah,היי,348
45681,aisowri-biah,יום,328
44995,aisowri-biah,אישה,321
45241,aisowri-biah,דם,292
45432,aisowri-biah,הרי,291
44987,aisowri-biah,אין,287
45050,aisowri-biah,בא,227
45774,aisowri-biah,כל,226
45047,aisowri-biah,את,214
45091,aisowri-biah,בין,205
46367,aisowri-biah,עד,172
44972,aisowri-biah,אחר,160
45001,aisowri-biah,אלא,159
46876,aisowri-mzbch,[BLANK],290
47038,aisowri-mzbch,הוא,104
47268,aisowri-mzbch,לא,92
46886,aisowri-mzbch,או,89
46924,aisowri-mzbch,אם,76
47057,aisowri-mzbch,היי,67
46908,aisowri-mzbch,אין,61
47326,aisowri-mzbch,מזבח,61
47090,aisowri-mzbch,הרי,60
47242,aisowri-mzbch,כל,57
46945,aisowri-mzbch,את,56
47317,aisowri-mzbch,מום,49
47359,aisowri-mzbch,מן,48
47515,aisowri-mzbch,על,45
47120,aisowri-mzbch,זה,44
47650,aisowri-mzbch,של,44
46910,aisowri-mzbch,אינו,42
47277,aisowri-mzbch,לוקה,37
47415,aisowri-mzbch,נאמר,37
46981,aisowri-mzbch,בעל,36
47703,arkin,[BLANK],367
48360,arkin,על,157
47760,arkin,את,154
47867,arkin,הוא,147
47711,arkin,או,142
47950,arkin,זה,141
47928,arkin,הרי,134
48104,arkin,לא,127
47744,arkin,אם,118
47894,arkin,היי,99
47734,arkin,אין,98
48374,arkin,ערך,97
48081,arkin,כל,83
48430,arkin,קודש,79
48020,arkin,יד,72
48279,arkin,נותן,72
47784,arkin,בית,70
48117,arkin,לו,66
47719,arkin,אומר,59
47923,arkin,הקדיש,59
48622,articles,[BLANK],2789
55026,articles,של,2565
49104,articles,את,1826
49894,articles,הוא,1550
53816,articles,על,1491
51172,articles,טיפול,901
50762,articles,זה,829
48683,articles,או,800
51619,articles,לא,682
51297,articles,יותר,670
53275,articles,ניתוח,565
53827,articles,עם,522
52282,articles,מחלה,461
51427,articles,יש,448
49519,articles,גורם,443
49565,articles,גם,442
51349,articles,ילד,396
48920,articles,אלה,391
55378,articles,תרופה,384
51497,articles,כי,383
55561,baba-metsiah,[BLANK],10136
58661,baba-metsiah,לא,3786
60752,baba-metsiah,על,3378
56776,baba-metsiah,הוא,3349
55651,baba-metsiah,אומר,3327
55926,baba-metsiah,את,3309
55747,baba-metsiah,אין,2413
61530,baba-metsiah,רבי,2316
56938,baba-metsiah,היי,2005
57734,baba-metsiah,זה,1889
55804,baba-metsiah,אם,1816
58732,baba-metsiah,לו,1815
61976,baba-metsiah,של,1787
56132,baba-metsiah,בית,1586
55821,baba-metsiah,אמר,1458
58546,baba-metsiah,כל,1357
56543,baba-metsiah,דבר,1113
59511,baba-metsiah,מן,1108
60626,baba-metsiah,עד,1071
58181,baba-metsiah,טמא,1040
62412,biat-hmkdsh,[BLANK],274
62575,biat-hmkdsh,הוא,169
62833,biat-hmkdsh,לא,139
63122,biat-hmkdsh,על,102
63092,biat-hmkdsh,עבודה,95
62928,biat-hmkdsh,מי,94
62815,biat-hmkdsh,כל,89
62424,biat-hmkdsh,או,80
62456,biat-hmkdsh,אם,80
62599,biat-hmkdsh,היי,70
62974,biat-hmkdsh,מקדש,67
62475,biat-hmkdsh,את,62
62666,biat-hmkdsh,זה,62
63009,biat-hmkdsh,נאמר,61
62443,biat-hmkdsh,אינו,58
62442,biat-hmkdsh,אין,56
62498,biat-hmkdsh,בין,56
63048,biat-hmkdsh,נכנס,53
62736,biat-hmkdsh,טמא,52
62708,biat-hmkdsh,חייב,50
63354,bit-hbchirh,[BLANK],248
63540,bit-hbchirh,היי,137
63402,bit-hbchirh,אמה,113
63522,bit-hbchirh,הוא,102
63453,bit-hbchirh,בית,95
64020,bit-hbchirh,על,94
64088,bit-hbchirh,קודש,80
63428,bit-hbchirh,את,77
63719,bit-hbchirh,כל,75
64014,bit-hbchirh,עזרה,68
63597,bit-hbchirh,זה,67
64160,bit-hbchirh,של,67
63818,bit-hbchirh,מזבח,62
63448,bit-hbchirh,בין,60
63750,bit-hbchirh,לא,60
63388,bit-hbchirh,אין,57
63889,bit-hbchirh,מקום,49
64170,bit-hbchirh,שם,47
63944,bit-hbchirh,נכנס,44
63852,bit-hbchirh,מן,43
64229,bkowrim,[BLANK],440
64428,bkowrim,הוא,178
64742,bkowrim,לא,152
64272,bkowrim,אין,150
64285,bkowrim,אם,129
64612,bkowrim,חייב,108
64456,bkowrim,היי,106
64752,bkowrim,לו,100
65053,bkowrim,עיסה,98
64869,bkowrim,מן,93
65060,bkowrim,על,88
64245,bkowrim,או,87
64309,bkowrim,את,85
64561,bkowrim,זה,85
64345,bkowrim,בכור,79
64274,bkowrim,אינו,76
64937,bkowrim,מתנה,73
64617,bkowrim,חלה,71
64720,bkowrim,כל,69
64283,bkowrim,אלא,65
65316,bkowrowt,[BLANK],214
65540,bkowrowt,זה,116
65465,bkowrowt,הוא,112
65510,bkowrowt,הרי,97
65663,bkowrowt,לא,96
65396,bkowrowt,בכור,94
65890,bkowrowt,על,85
65341,bkowrowt,אין,81
65703,bkowrowt,מום,73
65355,bkowrowt,אם,70
65484,bkowrowt,היי,55
65670,bkowrowt,לו,55
65378,bkowrowt,בהמה,52
65410,bkowrowt,בעל,49
65643,bkowrowt,כל,49
65323,bkowrowt,או,48
65389,bkowrowt,בין,46
65736,bkowrowt,מן,45
65751,bkowrowt,מעשר,45
65371,bkowrowt,את,42
69294,blogs,את,176462
68780,blogs,אני,153491
82269,blogs,לא,142467
67239,blogs,[BLANK],134105
79047,blogs,זה,133291
96515,blogs,של,108250
73756,blogs,הוא,99743
83238,blogs,לי,87930
74453,blogs,היי,78400
91436,blogs,על,66069
81717,blogs,כול,49130
84933,blogs,מה,39772
67324,blogs,אבל,37367
80926,blogs,יום,36533
91472,blogs,עם,34868
81867,blogs,כל,32694
67874,blogs,אז,31502
81493,blogs,יש,30640
72034,blogs,גם,27819
80272,blogs,טוב,24835
98193,brkowt,[BLANK],341
98308,brkowt,בירך,329
99013,brkowt,על,268
98406,brkowt,הוא,247
98331,brkowt,ברכה,213
98698,brkowt,לא,157
98271,brkowt,את,153
98249,brkowt,אם,147
98602,brkowt,יד,117
98673,brkowt,כל,117
98203,brkowt,או,114
98231,brkowt,אין,113
98432,brkowt,היי,107
98208,brkowt,אוכל,94
98222,brkowt,אחר,80
98512,brkowt,זה,76
98656,brkowt,כול,74
99242,brkowt,של,68
98369,brkowt,דבר,66
98288,brkowt,בורא,64
99317,chgigh,[BLANK],77
99442,chgigh,יום,27
99382,chgigh,הוא,25
99472,chgigh,לא,23
99416,chgigh,חגיגה,21
99329,chgigh,אין,18
99462,chgigh,כל,18
99386,chgigh,היי,17
99411,chgigh,זה,17
99438,chgigh,יד,17
99606,chgigh,ראייה,16
99429,chgigh,חייב,14
99349,chgigh,את,13
99434,chgigh,טוב,13
99511,chgigh,מן,13
99531,chgigh,נאמר,13
99415,chgigh,חג,12
99418,chgigh,חובה,12
99338,chgigh,אם,11
99381,chgigh,הביא,11
99666,chmz-owmzh,[BLANK],318
99849,chmz-owmzh,הוא,141
100105,chmz-owmzh,לא,137
100381,chmz-owmzh,על,110
99940,chmz-owmzh,זה,106
99710,chmz-owmzh,אם,104
99998,chmz-owmzh,חמץ,100
99736,chmz-owmzh,את,90
99696,chmz-owmzh,אין,89
100418,chmz-owmzh,פסח,78
99680,chmz-owmzh,אוכל,74
100086,chmz-owmzh,כל,72
99677,chmz-owmzh,או,69
100235,chmz-owmzh,מצה,68
99869,chmz-owmzh,היי,62
99697,chmz-owmzh,אינו,61
99904,chmz-owmzh,הרי,61
99689,chmz-owmzh,אחר,54
100026,chmz-owmzh,יד,54
100541,chmz-owmzh,של,54
100612,chowbl-owmzik,[BLANK],317
100790,chowbl-owmzik,הוא,167
100944,chowbl-owmzik,חייב,121
100902,chowbl-owmzik,זה,115
100625,chowbl-owmzik,או,112
101069,chowbl-owmzik,לא,105
100865,chowbl-owmzik,הרי,98
101076,chowbl-owmzik,לו,97
100655,chowbl-owmzik,אם,96
100676,chowbl-owmzik,את,96
100813,chowbl-owmzik,היי,91
101346,chowbl-owmzik,על,75
101380,chowbl-owmzik,פטור,75
100637,chowbl-owmzik,אחר,74
101045,chowbl-owmzik,כל,71
100763,chowbl-owmzik,דבר,68
100805,chowbl-owmzik,הזיק,62
100646,chowbl-owmzik,אין,61
100722,chowbl-owmzik,בעל,59
101532,chowbl-owmzik,של,56
101587,daowt,[BLANK],172
101975,daowt,לא,116
101747,daowt,הוא,90
102185,daowt,על,58
101847,daowt,זה,51
101594,daowt,אדם,47
101770,daowt,היי,47
101956,daowt,כל,47
101623,daowt,אלא,44
101646,daowt,את,43
101988,daowt,לו,43
101596,daowt,או,41
101738,daowt,דרך,39
101725,daowt,דבר,38
101627,daowt,אם,37
101598,daowt,אוכל,34
102198,daowt,עצם,34
101604,daowt,אחר,31
102277,daowt,רע,31
102101,daowt,נאמר,29
102469,doctors,[BLANK],4925
110728,doctors,של,3883
103090,doctors,את,3481
109196,doctors,על,3142
104107,doctors,הוא,2381
105834,doctors,טיפול,1788
105342,doctors,זה,1426
102536,doctors,או,1389
107246,doctors,מחלה,1269
106390,doctors,לא,1210
105989,doctors,יותר,1196
105496,doctors,חולה,1029
109208,doctors,עם,974
111201,doctors,תרופה,892
106146,doctors,יש,869
103676,doctors,גם,826
102460,doctors,%,768
106239,doctors,כי,768
105956,doctors,יום,736
109025,doctors,סרטן,696
111267,forum,[BLANK],1274
111264,forum,/,1046
111568,forum,את,738
111497,forum,אני,703
114987,forum,של,683
111471,forum,אם,658
112531,forum,זה,631
113122,forum,לי,596
114285,forum,על,543
113053,forum,לא,514
112039,forum,הוא,447
112916,forum,יש,414
112754,forum,טיפול,384
111302,forum,או,354
112937,forum,כאב,282
111882,forum,"ד""ר",272
113312,forum,מה,264
114388,forum,פורום,249
114990,forum,שלום,235
111856,forum,גם,227
115410,girowshin,גט,590
115244,girowshin,[BLANK],554
115627,girowshin,זה,498
115564,girowshin,הרי,434
115853,girowshin,לא,407
115465,girowshin,הוא,374
115296,girowshin,אם,342
115254,girowshin,או,305
115867,girowshin,לה,301
116267,girowshin,על,293
115287,girowshin,אישה,248
116239,girowshin,עד,245
115506,girowshin,היי,235
115847,girowshin,כתב,209
115279,girowshin,אין,206
115323,girowshin,את,205
115281,girowshin,אינו,191
115268,girowshin,אחר,185
115377,girowshin,בעל,178
115301,girowshin,אמר,174
116589,gnibh,[BLANK],231
116713,gnibh,גנב,184
116600,gnibh,או,138
116628,gnibh,אם,104
116742,gnibh,הוא,97
116983,gnibh,לא,97
116683,gnibh,בעל,94
116651,gnibh,את,77
117222,gnibh,על,76
117425,gnibh,תשלום,76
116617,gnibh,אין,72
116836,gnibh,זה,72
117125,gnibh,משלם,72
117364,gnibh,של,64
117073,gnibh,מכר,61
116610,gnibh,אחר,59
117089,gnibh,מן,58
116670,gnibh,בית,57
116988,gnibh,לו,57
116714,gnibh,גנבה,56
117441,gzlh-owabdh,[BLANK],579
117698,gzlh-owabdh,הוא,325
118100,gzlh-owabdh,לא,300
117510,gzlh-owabdh,אם,273
117859,gzlh-owabdh,זה,245
118112,gzlh-owabdh,לו,238
117458,gzlh-owabdh,או,235
117794,gzlh-owabdh,הרי,233
117594,gzlh-owabdh,בעל,204
118735,gzlh-owabdh,של,204
117733,gzlh-owabdh,היי,185
118493,gzlh-owabdh,על,183
117495,gzlh-owabdh,אין,181
117542,gzlh-owabdh,את,176
117631,gzlh-owabdh,גזל,170
117479,gzlh-owabdh,אחר,129
117914,gzlh-owabdh,חייב,124
118068,gzlh-owabdh,כל,118
117726,gzlh-owabdh,החזיר,111
117653,gzlh-owabdh,דבר,110
118837,ibowm-owchlizh,[BLANK],636
119004,ibowm-owchlizh,הוא,278
119269,ibowm-owchlizh,לא,226
118845,ibowm-owchlizh,או,220
119105,ibowm-owchlizh,זה,194
119520,ibowm-owchlizh,על,185
118852,ibowm-owchlizh,אח,177
118875,ibowm-owchlizh,אישה,168
119030,ibowm-owchlizh,היי,168
119060,ibowm-owchlizh,הרי,162
118882,ibowm-owchlizh,אם,157
119403,ibowm-owchlizh,מת,150
118868,ibowm-owchlizh,אין,134
118906,ibowm-owchlizh,את,119
118858,ibowm-owchlizh,אחר,118
119277,ibowm-owchlizh,לה,98
118948,ibowm-owchlizh,בעל,92
119368,ibowm-owchlizh,מן,88
119279,ibowm-owchlizh,לו,83
119572,ibowm-owchlizh,צר,81
119743,iowm-towb,[BLANK],529
120249,iowm-towb,יום,288
119991,iowm-towb,הוא,250
120227,iowm-towb,טוב,247
119835,iowm-towb,את,243
120361,iowm-towb,לא,239
119791,iowm-towb,אין,190
119806,iowm-towb,אם,134
120808,iowm-towb,על,123
120131,iowm-towb,זה,117
120333,iowm-towb,כל,117
120458,iowm-towb,מועד,100
119815,iowm-towb,אסור,98
120029,iowm-towb,היי,95
120086,iowm-towb,הרי,92
119759,iowm-towb,או,90
119749,iowm-towb,אבל,85
120466,iowm-towb,מותר,84
119803,iowm-towb,אלא,77
120342,iowm-towb,כן,75
121335,isowdi-htowrh,הוא,157
121148,isowdi-htowrh,[BLANK],148
121544,isowdi-htowrh,לא,82
121524,isowdi-htowrh,כל,76
121221,isowdi-htowrh,את,62
121183,isowdi-htowrh,אין,61
121405,isowdi-htowrh,זה,59
121303,isowdi-htowrh,דבר,57
121553,isowdi-htowrh,לו,55
121773,isowdi-htowrh,על,48
121192,isowdi-htowrh,אלה,46
121191,isowdi-htowrh,אלא,41
121688,isowdi-htowrh,נאמר,41
121514,isowdi-htowrh,כול,39
121910,isowdi-htowrh,שם,38
121530,isowdi-htowrh,כמו,33
121818,isowdi-htowrh,צורה,33
121189,isowdi-htowrh,אל,31
121346,isowdi-htowrh,היי,31
121513,isowdi-htowrh,כוכב,31
122164,kdowsh-hchdsh,היי,371
121968,kdowsh-hchdsh,[BLANK],347
122317,kdowsh-hchdsh,יום,301
122143,kdowsh-hchdsh,הוא,268
122234,kdowsh-hchdsh,זה,230
122875,kdowsh-hchdsh,שנה,215
122041,kdowsh-hchdsh,את,210
122014,kdowsh-hchdsh,אם,208
122668,kdowsh-hchdsh,על,205
122245,kdowsh-hchdsh,חדש,202
122385,kdowsh-hchdsh,לא,180
122510,kdowsh-hchdsh,מעלה,156
121980,kdowsh-hchdsh,או,149
122337,kdowsh-hchdsh,ירח,135
122644,kdowsh-hchdsh,עד,132
122273,kdowsh-hchdsh,חלק,127
122003,kdowsh-hchdsh,אין,121
122366,kdowsh-hchdsh,כל,121
122787,kdowsh-hchdsh,ראש,108
122290,kdowsh-hchdsh,חשבון,105
122922,kelim,[BLANK],140
123068,kelim,טמא,73
123060,kelim,טהור,65
123239,kelim,על,57
123319,kelim,של,54
123292,kelim,רבי,52
122929,kelim,אומר,45
123159,kelim,מן,34
122994,kelim,הוא,31
123235,kelim,עור,28
122936,kelim,אין,26
123136,kelim,מדרס,25
123104,kelim,כל,24
123105,kelim,כלי,23
123072,kelim,יד,22
122953,kelim,את,21
122957,kelim,בגד,21
123146,kelim,מטמא,20
123178,kelim,משום,20
123117,kelim,לא,19
123364,klaim,[BLANK],444
123646,klaim,זה,217
123542,klaim,הוא,170
123610,klaim,הרי,142
123396,klaim,אם,140
123660,klaim,זרע,129
123373,klaim,או,127
123795,klaim,לא,123
124076,klaim,על,121
123562,klaim,היי,120
123505,klaim,גפן,96
123390,klaim,אין,89
124264,klaim,של,84
123425,klaim,את,82
123860,klaim,מותר,81
123877,klaim,מין,80
123789,klaim,כרם,78
124081,klaim,עם,78
123770,klaim,כל,76
123405,klaim,אסור,74
124345,kli-hmkdsh,[BLANK],401
124544,kli-hmkdsh,הוא,168
125192,kli-hmkdsh,על,153
124562,kli-hmkdsh,היי,132
124424,kli-hmkdsh,את,123
124806,kli-hmkdsh,כל,107
124832,kli-hmkdsh,לא,95
125396,kli-hmkdsh,של,80
124383,kli-hmkdsh,אין,72
124428,kli-hmkdsh,בגד,71
125068,kli-hmkdsh,נאמר,70
124392,kli-hmkdsh,אלא,65
124637,kli-hmkdsh,זה,58
124360,kli-hmkdsh,או,56
124736,kli-hmkdsh,יום,55
124789,kli-hmkdsh,כול,54
125163,kli-hmkdsh,עבודה,50
124787,kli-hmkdsh,כוהן,49
124397,kli-hmkdsh,אם,46
125009,kli-hmkdsh,מקדש,40
125486,klim,[BLANK],1051
126038,klim,טומאה,439
125766,klim,הוא,431
126141,klim,כלי,372
126033,klim,טהור,353
126895,klim,של,345
126049,klim,טמא,281
126628,klim,על,255
126757,klim,קיבל,235
125553,klim,אם,223
125537,klim,אין,189
125794,klim,היי,182
125863,klim,הרי,180
125503,klim,או,168
125586,klim,את,141
126181,klim,לא,138
125539,klim,אינו,135
126137,klim,כל,134
126395,klim,מקבל,133
126349,klim,מן,120
127004,krbn-psch,[BLANK],290
127654,krbn-psch,פסח,185
127623,krbn-psch,על,143
127381,krbn-psch,לא,130
127148,krbn-psch,הוא,124
127057,krbn-psch,את,113
127031,krbn-psch,אין,107
127013,krbn-psch,אוכל,101
127042,krbn-psch,אם,98
127233,krbn-psch,זה,94
127165,krbn-psch,היי,84
127198,krbn-psch,הרי,68
127769,krbn-psch,של,68
127020,krbn-psch,אחר,67
127012,krbn-psch,או,61
127296,krbn-psch,טמא,55
127603,krbn-psch,עד,53
127632,krbn-psch,עצם,46
127040,krbn-psch,אלא,42
127105,krbn-psch,בשר,40
127831,kriat-shma,[BLANK],101
127943,kriat-shma,הוא,77
127961,kriat-shma,היי,74
128105,kriat-shma,לא,71
127857,kriat-shma,אם,55
128301,kriat-shma,קורא,50
128363,kriat-shma,שמע,47
128312,kriat-shma,קריאה,44
127837,kriat-shma,או,33
128232,kriat-shma,עד,32
128308,kriat-shma,קרא,31
127880,kriat-shma,את,28
128246,kriat-shma,על,28
127850,kriat-shma,אין,25
127898,kriat-shma,בית,24
127892,kriat-shma,בין,23
128062,kriat-shma,יצא,23
128094,kriat-shma,כל,23
127834,kriat-shma,אבל,22
128001,kriat-shma,זה,21
128970,literary,[BLANK],40373
150824,literary,של,36404
130511,literary,את,35290
133604,literary,הוא,26204
146918,literary,על,17835
134181,literary,היי,15246
139899,literary,לא,15171
137447,literary,זה,13380
146948,literary,עם,5278
129165,literary,או,5103
138983,literary,יותר,5058
132357,literary,גם,5052
139609,literary,כל,4892
130132,literary,אני,4840
129830,literary,אל,4652
139604,literary,כך,4610
151026,literary,שנה,4482
129019,literary,אבל,4464
129974,literary,אם,4333
139481,literary,כול,4255
152007,mailh,[BLANK],272
152120,mailh,הוא,129
152480,mailh,על,123
152302,mailh,לא,111
152541,mailh,קודש,95
152340,mailh,מועל,82
152027,mailh,אין,72
152016,mailh,או,54
152173,mailh,הרי,53
152038,mailh,אם,52
152021,mailh,אחר,41
152054,mailh,את,40
152416,mailh,נהנה,40
152104,mailh,דם,37
152197,mailh,זה,37
152468,mailh,עד,37
152098,mailh,דבר,36
152070,mailh,בית,34
152370,mailh,מן,31
152137,mailh,היי,29
152682,maklowt-asowrowt,[BLANK],1137
152981,maklowt-asowrowt,הוא,479
153507,maklowt-asowrowt,לא,330
152745,maklowt-asowrowt,אם,317
152752,maklowt-asowrowt,אסור,311
153621,maklowt-asowrowt,מותר,286
152697,maklowt-asowrowt,או,282
152776,maklowt-asowrowt,את,271
154022,maklowt-asowrowt,על,269
153107,maklowt-asowrowt,הרי,257
153190,maklowt-asowrowt,זה,246
153380,maklowt-asowrowt,יין,232
152731,maklowt-asowrowt,אין,227
152871,maklowt-asowrowt,בשר,223
154340,maklowt-asowrowt,של,218
153030,maklowt-asowrowt,היי,212
153270,maklowt-asowrowt,חלב,212
153457,maklowt-asowrowt,כל,212
152700,maklowt-asowrowt,אוכל,198
153701,maklowt-asowrowt,מן,177
154480,mashh-hkrbnowt,[BLANK],779
154710,mashh-hkrbnowt,הוא,273
155512,mashh-hkrbnowt,על,273
155087,mashh-hkrbnowt,לא,216
154557,mashh-hkrbnowt,את,206
155053,mashh-hkrbnowt,כל,197
154516,mashh-hkrbnowt,אין,171
154490,mashh-hkrbnowt,או,166
154815,mashh-hkrbnowt,הרי,163
154532,mashh-hkrbnowt,אם,156
154864,mashh-hkrbnowt,זה,139
155341,mashh-hkrbnowt,נאמר,137
154903,mashh-hkrbnowt,חוץ,130
155248,mashh-hkrbnowt,מנחה,122
155624,mashh-hkrbnowt,קודש,117
154699,mashh-hkrbnowt,הביא,111
155754,mashh-hkrbnowt,של,110
154673,mashh-hkrbnowt,דם,109
154747,mashh-hkrbnowt,היי,108
155485,mashh-hkrbnowt,עולה,105
155853,mashr,[BLANK],466
156514,mashr,מעשר,289
156059,mashr,הוא,245
156701,mashr,על,179
156358,mashr,לא,166
155906,mashr,אם,138
156495,mashr,מן,136
156183,mashr,זה,123
155894,mashr,אין,120
155930,mashr,את,118
155872,mashr,אוכל,109
156756,mashr,פרי,104
156964,mashr,תרומה,102
155896,mashr,אינו,99
155868,mashr,או,97
156080,mashr,היי,97
156134,mashr,הרי,86
156368,mashr,לו,86
155884,mashr,אחר,77
156892,mashr,של,76
156979,mashr-shni,[BLANK],473
157567,mashr-shni,מעשר,257
157437,mashr-shni,לא,151
157168,mashr-shni,הוא,140
157008,mashr-shni,אין,128
157784,mashr-shni,פרי,119
157024,mashr-shni,אם,118
157043,mashr-shni,את,111
157731,mashr-shni,על,111
157913,mashr-shni,של,86
156989,mashr-shni,אוכל,74
157236,mashr-shni,הרי,73
157387,mashr-shni,ירושלים,72
157189,mashr-shni,היי,69
157447,mashr-shni,לו,62
157274,mashr-shni,זה,61
157009,mashr-shni,אינו,60
156987,mashr-shni,או,57
157937,mashr-shni,שניים,56
157416,mashr-shni,כל,51
157982,mchowsri-kprh,[BLANK],123
158101,mchowsri-kprh,זה,45
158143,mchowsri-kprh,יום,42
158087,mchowsri-kprh,הרי,38
158060,mchowsri-kprh,הוא,37
158308,mchowsri-kprh,על,37
158332,mchowsri-kprh,קורבן,37
157990,mchowsri-kprh,אחר,35
158341,mchowsri-kprh,ראה,30
158344,mchowsri-kprh,ראייה,29
157995,mchowsri-kprh,אין,28
158059,mchowsri-kprh,הביא,27
157985,mchowsri-kprh,או,26
158189,mchowsri-kprh,לא,26
158002,mchowsri-kprh,אם,25
158209,mchowsri-kprh,מביא,24
157996,mchowsri-kprh,אינו,23
158069,mchowsri-kprh,היי,20
158292,mchowsri-kprh,ספק,20
158337,mchowsri-kprh,קרבן,19
158400,mgilh,[BLANK],99
158514,mgilh,הוא,71
158932,mgilh,קורא,62
158634,mgilh,יום,54
158673,mgilh,כל,53
158698,mgilh,לא,53
158532,mgilh,היי,48
158454,mgilh,את,47
158884,mgilh,על,45
158837,mgilh,נר,44
158424,mgilh,אין,43
158512,mgilh,הדליק,36
158436,mgilh,אם,34
158946,mgilh,קריאה,32
158409,mgilh,או,31
158643,mgilh,יצא,30
158468,mgilh,בית,28
158431,mgilh,אלא,25
158540,mgilh,הלל,25
158615,mgilh,חנוכה,25
159037,milh,[BLANK],83
159075,milh,את,83
159234,milh,לא,49
159124,milh,הוא,39
159420,milh,שבת,38
159053,milh,אין,35
159062,milh,אם,33
159274,milh,מילה,31
159196,milh,יום,30
159360,milh,על,29
159054,milh,אינו,23
159163,milh,זה,21
159314,milh,נולד,21
159081,milh,בין,20
159222,milh,כל,20
159297,milh,מצווה,17
159433,milh,של,16
159038,milh,אב,15
159088,milh,בן,15
159098,milh,ברית,15
159476,mkirh,[BLANK],784
160211,mkirh,לא,460
160224,mkirh,לו,455
159778,mkirh,הוא,396
159494,mkirh,או,363
159584,mkirh,את,344
159966,mkirh,זה,332
159528,mkirh,אין,310
159551,mkirh,אם,293
159834,mkirh,היי,259
160801,mkirh,קנה,255
160296,mkirh,מוכר,254
159909,mkirh,הרי,251
160364,mkirh,מכר,250
160667,mkirh,על,239
160177,mkirh,כל,221
159725,mkirh,דבר,191
160950,mkirh,של,173
160233,mkirh,לוקח,159
160822,mkirh,קרקע,150
161075,mkowowaowt,[BLANK],423
161544,mkowowaowt,מים,227
161227,mkowowaowt,הוא,185
161246,mkowowaowt,היי,116
161107,mkowowaowt,אין,103
161464,mkowowaowt,לא,98
161753,mkowowaowt,על,97
161286,mkowowaowt,הרי,87
161448,mkowowaowt,כל,81
161116,mkowowaowt,אם,77
161450,mkowowaowt,כלי,76
161604,mkowowaowt,מקווה,76
161395,mkowowaowt,יד,70
161129,mkowowaowt,את,69
161320,mkowowaowt,זה,59
161090,mkowowaowt,או,55
161706,mkowowaowt,סאה,53
161733,mkowowaowt,עד,51
161875,mkowowaowt,שאוב,50
161109,mkowowaowt,אינו,47
161990,mlkim,[BLANK],233
162502,mlkim,לא,148
162831,mlkim,על,119
162190,mlkim,הוא,107
162070,mlkim,את,98
162477,mlkim,כל,83
162029,mlkim,אין,82
162707,mlkim,נאמר,79
162628,mlkim,מלך,70
162442,mlkim,ישראל,68
162040,mlkim,אלא,65
162512,mlkim,לו,63
162212,mlkim,היי,61
162096,mlkim,בית,57
162004,mlkim,או,56
162045,mlkim,אם,56
162304,mlkim,זה,54
162627,mlkim,מלחמה,47
162667,mlkim,מצווה,44
162034,mlkim,אישה,43
163086,mlowh,[BLANK],855
163661,mlowh,לו,359
163646,mlowh,לא,280
164225,mlowh,שטר,272
163441,mlowh,זה,242
163141,mlowh,אם,240
164011,mlowh,על,239
163296,mlowh,הוא,237
163338,mlowh,היי,217
163165,mlowh,את,215
163125,mlowh,אין,203
163102,mlowh,או,166
163393,mlowh,הרי,165
163987,mlowh,עד,164
163466,mlowh,חוב,152
163114,mlowh,אחר,134
163622,mlowh,כל,132
163805,mlowh,מן,120
163146,mlowh,אמר,111
163791,mlowh,מלווה,105
164336,mmrim,[BLANK],130
164337,mmrim,אב,79
164627,mmrim,לא,71
164464,mmrim,הוא,64
164781,mmrim,על,63
164529,mmrim,זה,44
164441,mmrim,דבר,43
164506,mmrim,הרי,42
164374,mmrim,אם,36
164444,mmrim,דין,36
164552,mmrim,חייב,32
164342,mmrim,או,31
164388,mmrim,את,30
164478,mmrim,היי,30
164616,mmrim,כל,30
164360,mmrim,אינו,29
164407,mmrim,בית,29
164358,mmrim,אין,27
164352,mmrim,אחר,25
164370,mmrim,אלא,25
164909,mtmai-mshkb,[BLANK],369
165567,mtmai-mshkb,על,160
165067,mtmai-mshkb,הוא,158
165226,mtmai-mshkb,טמא,123
165130,mtmai-mshkb,הרי,120
165216,mtmai-mshkb,טהור,107
164917,mtmai-mshkb,או,96
165312,mtmai-mshkb,לא,96
165293,mtmai-mshkb,כלי,89
165088,mtmai-mshkb,היי,86
164968,mtmai-mshkb,את,83
165160,mtmai-mshkb,זה,72
165291,mtmai-mshkb,כל,70
165390,mtmai-mshkb,מטמא,66
165222,mtmai-mshkb,טומאה,64
164954,mtmai-mshkb,אם,62
164941,mtmai-mshkb,אין,61
165448,mtmai-mshkb,משכב,46
164932,mtmai-mshkb,אחר,44
164996,mtmai-mshkb,בית,43
165775,mtnowt-aniim,[BLANK],395
166683,mtnowt-aniim,עני,205
165858,mtnowt-aniim,את,176
166126,mtnowt-aniim,זה,172
166000,mtnowt-aniim,הוא,166
166024,mtnowt-aniim,היי,142
166314,mtnowt-aniim,לא,133
165832,mtnowt-aniim,אם,126
165814,mtnowt-aniim,אין,125
166082,mtnowt-aniim,הרי,121
166672,mtnowt-aniim,על,114
166908,mtnowt-aniim,שכחה,111
166328,mtnowt-aniim,לו,107
165785,mtnowt-aniim,או,93
166866,mtnowt-aniim,שדה,90
166568,mtnowt-aniim,נותן,88
166704,mtnowt-aniim,פאה,88
165816,mtnowt-aniim,אינו,80
166291,mtnowt-aniim,כל,76
166277,mtnowt-aniim,כול,75
166981,narh-btowlh,[BLANK],115
167188,narh-btowlh,לא,59
167118,narh-btowlh,זה,55
167076,narh-btowlh,הוא,49
167336,narh-btowlh,קנס,44
167297,narh-btowlh,על,41
167008,narh-btowlh,אם,40
167103,narh-btowlh,הרי,39
166985,narh-btowlh,או,36
167066,narh-btowlh,דבר,33
166982,narh-btowlh,אב,32
167088,narh-btowlh,היי,32
167192,narh-btowlh,לה,31
166997,narh-btowlh,אין,29
166978,narh-btowlh,+,28
167022,narh-btowlh,את,28
167289,narh-btowlh,עד,24
167052,narh-btowlh,בת,22
167132,narh-btowlh,חייב,22
166988,narh-btowlh,אונס,20
167406,nchlowt,[BLANK],151
167692,nchlowt,יורש,124
167407,nchlowt,אב,116
167548,nchlowt,הוא,112
167433,nchlowt,אין,94
167443,nchlowt,אם,84
167621,nchlowt,זה,80
167758,nchlowt,לא,80
167467,nchlowt,את,75
167572,nchlowt,היי,70
167494,nchlowt,בן,69
167769,nchlowt,לו,68
167904,nchlowt,נכס,66
167416,nchlowt,או,58
167423,nchlowt,אח,56
167955,nchlowt,על,56
167871,nchlowt,מת,54
167488,nchlowt,בכור,51
167601,nchlowt,הרי,48
167508,nchlowt,בת,41
168137,ndrim,[BLANK],449
168862,ndrim,נדר,323
168424,ndrim,הרי,304
168467,ndrim,זה,253
168658,ndrim,לא,245
168192,ndrim,אסור,235
168970,ndrim,על,235
168148,ndrim,או,231
168332,ndrim,הוא,222
168182,ndrim,אם,178
168744,ndrim,מותר,150
168165,ndrim,אין,138
168631,ndrim,כל,130
168295,ndrim,דבר,118
168205,ndrim,את,115
168563,ndrim,יום,114
168676,ndrim,לו,111
168364,ndrim,היי,110
168188,ndrim,אמר,107
168139,ndrim,אב,99
169234,nzirowt,[BLANK],459
169820,nzirowt,נזיר,293
169464,nzirowt,הרי,249
169498,nzirowt,זה,201
169403,nzirowt,הוא,149
169644,nzirowt,לא,147
169284,nzirowt,אם,140
169571,nzirowt,יום,132
169244,nzirowt,או,131
169903,nzirowt,על,114
169425,nzirowt,היי,105
169553,nzirowt,טומאה,87
169266,nzirowt,אין,86
169821,nzirowt,נזירה,80
169257,nzirowt,אחר,78
169268,nzirowt,אינו,77
169981,nzirowt,קרבן,72
169617,nzirowt,כל,71
169287,nzirowt,אמר,69
169307,nzirowt,את,60
170097,nzki-mmown,[BLANK],536
170140,nzki-mmown,אם,247
170323,nzki-mmown,הוא,229
170211,nzki-mmown,בעל,174
170524,nzki-mmown,חייב,174
170359,nzki-mmown,היי,166
170107,nzki-mmown,או,163
170159,nzki-mmown,את,160
170872,nzki-mmown,נזק,155
171162,nzki-mmown,שור,155
170661,nzki-mmown,לא,153
170472,nzki-mmown,זה,151
170344,nzki-mmown,הזיק,136
170413,nzki-mmown,הרי,133
170823,nzki-mmown,משלם,124
171014,nzki-mmown,פטור,124
170978,nzki-mmown,על,113
171124,nzki-mmown,רשות,109
170127,nzki-mmown,אין,105
170633,nzki-mmown,כל,87
171274,prh-adowmh,[BLANK],417
171811,prh-adowmh,מים,196
171448,prh-adowmh,הוא,166
171692,prh-adowmh,כלי,120
171708,prh-adowmh,לא,115
172010,prh-adowmh,על,112
171341,prh-adowmh,את,101
171556,prh-adowmh,זה,98
171475,prh-adowmh,היי,97
171290,prh-adowmh,או,95
171323,prh-adowmh,אם,95
171688,prh-adowmh,כל,83
172045,prh-adowmh,פסול,81
171311,prh-adowmh,אין,79
171590,prh-adowmh,חטאת,79
171617,prh-adowmh,טהור,79
171525,prh-adowmh,הרי,78
171306,prh-adowmh,אחר,57
171332,prh-adowmh,אפר,56
171625,prh-adowmh,טמא,47
172259,psowli-hmowkdshin,[BLANK],736
172739,psowli-hmowkdshin,לא,217
172270,psowli-hmowkdshin,או,188
172436,psowli-hmowkdshin,הוא,176
172309,psowli-hmowkdshin,אם,174
172520,psowli-hmowkdshin,הרי,162
172574,psowli-hmowkdshin,זה,148
173072,psowli-hmowkdshin,על,135
173118,psowli-hmowkdshin,פסול,135
172295,psowli-hmowkdshin,אין,124
173163,psowli-hmowkdshin,קודש,120
172411,psowli-hmowkdshin,דם,107
172718,psowli-hmowkdshin,כל,97
172608,psowli-hmowkdshin,חטאת,88
172466,psowli-hmowkdshin,היי,87
172297,psowli-hmowkdshin,אינו,84
172703,psowli-hmowkdshin,כול,79
172283,psowli-hmowkdshin,אחר,78
172727,psowli-hmowkdshin,כן,78
172824,psowli-hmowkdshin,מזבח,78
173335,rowzch,[BLANK],357
173887,rowzch,לא,174
173420,rowzch,את,173
173564,rowzch,הוא,160
174276,rowzch,על,157
173351,rowzch,או,156
173684,rowzch,זה,125
173377,rowzch,אין,121
173590,rowzch,היי,110
173391,rowzch,אם,101
173867,rowzch,כל,96
173331,rowzch,+,94
173642,rowzch,הרי,89
173366,rowzch,אחר,84
174273,rowzch,עיר,78
173379,rowzch,אינו,66
173452,rowzch,בית,62
173537,rowzch,דין,62
173875,rowzch,כן,61
173524,rowzch,דבר,60
174596,sanhedrin,[BLANK],1144
176142,sanhedrin,על,324
175547,sanhedrin,לא,315
174631,sanhedrin,אומר,292
174731,sanhedrin,את,286
174984,sanhedrin,הוא,286
174668,sanhedrin,אין,220
176519,sanhedrin,של,210
175371,sanhedrin,טמא,209
176380,sanhedrin,רבי,193
175202,sanhedrin,זה,179
174796,sanhedrin,בית,167
175028,sanhedrin,היי,154
174689,sanhedrin,אם,146
175355,sanhedrin,טהור,141
175562,sanhedrin,לו,131
175508,sanhedrin,כל,119
175299,sanhedrin,חייב,116
175791,sanhedrin,מן,113
174674,sanhedrin,אישה,109
176656,shabat,[BLANK],454
177091,shabat,טמא,234
177797,shabat,של,156
176738,shabat,את,154
176883,shabat,הוא,145
177578,shabat,על,137
177082,shabat,טהור,131
177716,shabat,רבי,129
177197,shabat,לא,111
176681,shabat,אומר,105
176785,shabat,בית,96
176703,shabat,אין,87
176715,shabat,אם,71
177756,shabat,שבת,69
177086,shabat,טומאה,66
177172,shabat,כל,56
177176,shabat,כלי,56
176904,shabat,היי,52
177268,shabat,מדרס,45
177094,shabat,טפח,43
177861,shalh,[BLANK],130
177961,shalh,הוא,77
177868,shalh,או,68
177934,shalh,בעל,68
177892,shalh,אם,59
178101,shalh,לא,52
178055,shalh,יד,40
178108,shalh,לו,40
177993,shalh,הרי,36
178347,shalh,שואל,36
178014,shalh,זה,33
177874,shalh,אחר,32
178182,shalh,מת,32
178354,shalh,שומר,32
177880,shalh,אין,31
177974,shalh,היי,31
178270,shalh,פיקדון,29
178336,shalh,שאלה,28
178031,shalh,חייב,27
177894,shalh,אמר,26
178423,shar-abowt-htowmah,[BLANK],681
178629,shar-abowt-htowmah,הוא,333
178836,shar-abowt-htowmah,טהור,255
178849,shar-abowt-htowmah,טמא,245
178946,shar-abowt-htowmah,לא,203
178842,shar-abowt-htowmah,טומאה,201
178710,shar-abowt-htowmah,הרי,197
178475,shar-abowt-htowmah,אם,179
179224,shar-abowt-htowmah,ספק,176
179036,shar-abowt-htowmah,מטמא,165
178657,shar-abowt-htowmah,היי,158
178440,shar-abowt-htowmah,אוכל,146
179264,shar-abowt-htowmah,על,141
179141,shar-abowt-htowmah,נגע,138
178435,shar-abowt-htowmah,או,129
178460,shar-abowt-htowmah,אין,128
178752,shar-abowt-htowmah,זה,119
178924,shar-abowt-htowmah,כלי,116
178497,shar-abowt-htowmah,את,109
179534,shar-abowt-htowmah,תרומה,94
179545,shbitt-ashowr,[BLANK],77
179701,shbitt-ashowr,יום,33
179580,shbitt-ashowr,את,32
179628,shbitt-ashowr,הוא,28
179862,shbitt-ashowr,על,26
179551,shbitt-ashowr,או,24
179726,shbitt-ashowr,כל,22
179736,shbitt-ashowr,לא,22
179722,shbitt-ashowr,כיפור,21
179552,shbitt-ashowr,אוכל,19
179567,shbitt-ashowr,אם,18
179570,shbitt-ashowr,אסור,18
179660,shbitt-ashowr,זה,18
179677,shbitt-ashowr,חייב,18
179557,shbitt-ashowr,אין,17
179922,shbitt-ashowr,שבת,17
179558,shbitt-ashowr,אינו,16
179591,shbitt-ashowr,בין,15
179855,shbitt-ashowr,עד,14
179561,shbitt-ashowr,אכילה,13
179960,shbowaowt,[BLANK],345
180365,shbowaowt,לא,330
180738,shbowaowt,שבועה,327
180565,shbowaowt,נשבע,210
180618,shbowaowt,על,205
180126,shbowaowt,הוא,201
179968,shbowaowt,או,199
180225,shbowaowt,זה,196
180259,shbowaowt,חייב,179
180185,shbowaowt,הרי,161
180005,shbowaowt,אם,131
179972,shbowaowt,אוכל,120
179990,shbowaowt,אין,118
180596,shbowaowt,עדות,114
180152,shbowaowt,היי,108
180375,shbowaowt,לו,106
180104,shbowaowt,דבר,84
180349,shbowaowt,כן,78
180029,shbowaowt,את,74
179982,shbowaowt,אחר,72
180890,shbt,[BLANK],1758
181365,shbt,הוא,965
183048,shbt,על,801
182134,shbt,לא,623
183446,shbt,שבת,577
181039,shbt,את,536
180980,shbt,אם,525
181428,shbt,היי,516
180912,shbt,או,513
180962,shbt,אין,491
181700,shbt,זה,459
182080,shbt,כל,399
181580,shbt,הרי,373
181806,shbt,חייב,347
182365,shbt,מותר,309
183540,shbt,של,287
182098,shbt,כן,265
182031,shbt,כדי,250
180897,shbt,אבל,243
182163,shbt,לו,237
183730,shchith,[BLANK],717
183797,shchith,אם,328
183997,shchith,הוא,300
184148,shchith,זה,225
183750,shchith,או,217
183830,shchith,את,202
184372,shchith,לא,182
185037,shchith,שחיטה,180
184089,shchith,הרי,178
183782,shchith,אין,150
184251,shchith,טרפה,133
184032,shchith,היי,125
184470,shchith,מותר,111
184811,shchith,על,110
184683,shchith,נמצא,98
183861,shchith,בין,97
183845,shchith,בהמה,96
184335,shchith,כל,89
185035,shchith,שחט,86
183784,shchith,אינו,76
185135,shggowt,[BLANK],297
185697,shggowt,על,227
185268,shggowt,הוא,186
185400,shggowt,חייב,123
185365,shggowt,זה,110
185397,shggowt,חטאת,110
185170,shggowt,אם,107
185498,shggowt,לא,106
185532,shggowt,מביא,90
185139,shggowt,או,86
185289,shggowt,היי,85
185508,shggowt,לו,85
185326,shggowt,הרי,84
185395,shggowt,חטא,78
185479,shggowt,כל,76
185158,shggowt,אין,72
185141,shggowt,אוכל,68
185760,shggowt,קורבן,60
185150,shggowt,אחר,53
185800,shggowt,שבת,51
185881,shkirowt,[BLANK],303
186301,shkirowt,לא,128
186309,shkirowt,לו,120
186040,shkirowt,הוא,90
186566,shkirowt,על,90
185892,shkirowt,או,86
186738,shkirowt,שכר,85
185924,shkirowt,אם,82
185912,shkirowt,אין,72
186109,shkirowt,הרי,69
186280,shkirowt,כל,68
185941,shkirowt,את,67
186714,shkirowt,שוכר,62
186073,shkirowt,היי,61
185975,shkirowt,בעל,57
186141,shkirowt,זה,57
186739,shkirowt,של,54
186181,shkirowt,חייב,51
185921,shkirowt,אלא,46
185894,shkirowt,אוכל,44
186800,shklim,[BLANK],160
186898,shklim,הוא,67
187298,shklim,שקל,64
187027,shklim,לא,48
187185,shklim,על,43
187014,shklim,כל,40
186841,shklim,את,39
186979,shklim,חצי,37
187052,shklim,לשכה,34
186820,shklim,אין,32
186914,shklim,היי,32
187318,shklim,תרומה,28
187134,shklim,נותן,25
186972,shklim,חייב,24
186828,shklim,אם,23
187007,shklim,כול,23
187031,shklim,לו,22
187154,shklim,נתן,22
187083,shklim,מן,19
187288,shklim,שנה,18
187335,shknim,[BLANK],269
187747,shknim,לא,126
187394,shknim,את,124
187602,shknim,זה,119
187499,shknim,הוא,118
187757,shknim,לו,118
187377,shknim,אם,117
188021,shknim,על,105
187365,shknim,אין,102
187346,shknim,או,101
187434,shknim,בעל,98
187524,shknim,היי,79
187723,shknim,כותל,74
188169,shknim,של,69
187565,shknim,הרי,66
187358,shknim,אחר,65
187660,shknim,חצר,63
187731,shknim,כל,58
187421,shknim,בית,55
187378,shknim,אמה,50
188230,shlowchin-owshowtpin,[BLANK],156
188538,shlowchin-owshowtpin,לו,99
188533,shlowchin-owshowtpin,לא,82
188238,shlowchin-owshowtpin,או,76
188346,shlowchin-owshowtpin,הוא,67
188431,shlowchin-owshowtpin,זה,65
188266,shlowchin-owshowtpin,אם,63
188685,shlowchin-owshowtpin,על,62
188257,shlowchin-owshowtpin,אין,57
188407,shlowchin-owshowtpin,הרי,57
188372,shlowchin-owshowtpin,היי,50
188249,shlowchin-owshowtpin,אחר,44
188283,shlowchin-owshowtpin,את,43
188518,shlowchin-owshowtpin,כל,40
188787,shlowchin-owshowtpin,שליח,31
188264,shlowchin-owshowtpin,אלא,30
188313,shlowchin-owshowtpin,בעל,30
188782,shlowchin-owshowtpin,של,29
188271,shlowchin-owshowtpin,אמר,28
188301,shlowchin-owshowtpin,בין,28
188852,shmith-owiowbl,[BLANK],589
190099,shmith-owiowbl,שביעית,279
189485,shmith-owiowbl,לא,224
189117,shmith-owiowbl,הוא,210
188940,shmith-owiowbl,את,169
188895,shmith-owiowbl,אין,139
190105,shmith-owiowbl,שדה,121
190166,shmith-owiowbl,שנה,119
188913,shmith-owiowbl,אם,115
189148,shmith-owiowbl,היי,114
189455,shmith-owiowbl,כל,113
189501,shmith-owiowbl,לו,111
189910,shmith-owiowbl,על,107
188867,shmith-owiowbl,או,101
188983,shmith-owiowbl,בית,101
189979,shmith-owiowbl,פרי,97
188934,shmith-owiowbl,ארץ,93
189258,shmith-owiowbl,זה,92
188909,shmith-owiowbl,אלא,83
190142,shmith-owiowbl,של,82
190234,showpr,[BLANK],313
190429,showpr,הוא,174
190958,showpr,סוכה,152
190449,showpr,היי,143
191006,showpr,על,127
190258,showpr,אין,125
190708,showpr,לא,117
190529,showpr,זה,111
190274,showpr,אם,110
190683,showpr,כל,105
190621,showpr,יום,102
190294,showpr,את,83
190704,showpr,כשר,82
191055,showpr,פסול,80
190245,showpr,או,66
191186,showpr,של,65
190314,showpr,בין,52
190492,showpr,הרי,50
190260,showpr,אינו,46
190270,showpr,אלא,43
191273,snhdrin,[BLANK],575
191477,snhdrin,דין,285
191360,snhdrin,את,242
191910,snhdrin,לא,231
192319,snhdrin,על,219
191512,snhdrin,הוא,212
191314,snhdrin,אין,186
191398,snhdrin,בית,155
191545,snhdrin,היי,152
191669,snhdrin,זה,151
191875,snhdrin,כל,147
191332,snhdrin,אם,130
191465,snhdrin,דבר,120
191926,snhdrin,לו,113
192290,snhdrin,עד,101
191284,snhdrin,או,94
192152,snhdrin,נאמר,92
191326,snhdrin,אלא,86
191612,snhdrin,הרי,76
191357,snhdrin,ארץ,73
192653,sowth,[BLANK],184
193186,sowth,על,105
192976,sowth,לא,96
192855,sowth,זה,67
192785,sowth,הוא,63
192983,sowth,לה,63
192711,sowth,את,61
192694,sowth,אם,54
192822,sowth,הרי,53
192688,sowth,אישה,52
192741,sowth,בעל,50
192673,sowth,אחר,47
192661,sowth,או,46
192798,sowth,היי,45
192680,sowth,אין,40
193174,sowth,עד,40
192651,sowth,+,31
192682,sowth,אינו,31
193295,sowth,שותה,31
193049,sowth,מים,29
193375,tanach,את,14
193355,tanach,[BLANK],12
193368,tanach,אל,9
193398,tanach,היי,9
193370,tanach,אלוהים,7
193427,tanach,ישראל,7
193432,tanach,כל,6
193381,tanach,בני,5
193418,tanach,יהוה,5
193364,tanach,אור,4
193367,tanach,איש,4
193373,tanach,ארץ,4
193378,tanach,בין,4
193393,tanach,דיבר,4
193402,tanach,הקריב,4
193451,tanach,מן,4
193456,tanach,משה,4
193467,tanach,על,4
193374,tanach,אשר,3
193379,tanach,בית,3
193505,taniowt,[BLANK],185
194133,taniowt,על,127
193664,taniowt,הוא,88
193886,taniowt,לא,88
193746,taniowt,זה,73
194337,taniowt,תענית,72
193818,taniowt,יום,67
193565,taniowt,את,66
193865,taniowt,כל,66
193544,taniowt,אם,49
193529,taniowt,אין,47
193503,taniowt,+,44
193685,taniowt,היי,42
193540,taniowt,אלה,40
193714,taniowt,הרי,37
194192,taniowt,צר,36
193641,taniowt,דבר,34
194112,taniowt,עד,31
193539,taniowt,אלא,30
193516,taniowt,או,29
194727,tapuz,/,23864
196021,tapuz,את,20549
194738,tapuz,[BLANK],19463
210374,tapuz,של,13404
202281,tapuz,לא,11883
195711,tapuz,אני,11603
200354,tapuz,זה,10956
198133,tapuz,הוא,9824
207384,tapuz,על,8094
194725,tapuz,+,7585
207775,tapuz,פורום,6832
202666,tapuz,לי,5857
198519,tapuz,היי,5434
207407,tapuz,עם,4743
201983,tapuz,כול,4613
201868,tapuz,יש,4609
197327,tapuz,גם,4525
195598,tapuz,אם,4515
202082,tapuz,כל,4186
203471,tapuz,מה,4043
211250,tlmowd-towrh,[BLANK],159
211597,tlmowd-towrh,לא,108
211303,tlmowd-towrh,את,86
211384,tlmowd-towrh,הוא,78
212042,tlmowd-towrh,תורה,69
211274,tlmowd-towrh,אין,68
211861,tlmowd-towrh,על,67
211609,tlmowd-towrh,לו,63
211616,tlmowd-towrh,לימד,62
211952,tlmowd-towrh,רב,61
211578,tlmowd-towrh,כל,55
211499,tlmowd-towrh,חכם,54
211358,tlmowd-towrh,דבר,53
212047,tlmowd-towrh,תלמיד,48
211844,tlmowd-towrh,עד,42
211405,tlmowd-towrh,היי,39
211780,tlmowd-towrh,נאמר,38
211282,tlmowd-towrh,אלא,33
211497,tlmowd-towrh,חייב,33
211285,tlmowd-towrh,אם,31
212070,tmidin-owmowspin,[BLANK],333
212136,tmidin-owmowspin,את,160
212881,tmidin-owmowspin,של,108
212730,tmidin-owmowspin,על,99
212395,tmidin-owmowspin,יום,97
212221,tmidin-owmowspin,הוא,92
212441,tmidin-owmowspin,כל,85
212322,tmidin-owmowspin,זה,83
212243,tmidin-owmowspin,היי,81
212461,tmidin-owmowspin,לא,80
212857,tmidin-owmowspin,שבת,77
212092,tmidin-owmowspin,אחר,63
212528,tmidin-owmowspin,מזבח,60
212479,tmidin-owmowspin,לחם,58
212101,tmidin-owmowspin,אין,57
212152,tmidin-owmowspin,בין,55
212422,tmidin-owmowspin,כבש,49
212111,tmidin-owmowspin,אם,47
212108,tmidin-owmowspin,אלא,43
212564,tmidin-owmowspin,מן,42
213285,tmowrh,תמורה,88
212947,tmowrh,[BLANK],84
213073,tmowrh,זה,73
213059,tmowrh,הרי,56
213034,tmowrh,הוא,52
212951,tmowrh,או,38
212958,tmowrh,אין,38
213218,tmowrh,עולה,33
213134,tmowrh,לא,29
212984,tmowrh,בהמה,27
213066,tmowrh,ולד,26
213153,tmowrh,מום,25
213221,tmowrh,עושה,24
213274,tmowrh,שלם,23
212967,tmowrh,אם,22
212970,tmowrh,אמר,21
213043,tmowrh,המיר,21
213223,tmowrh,על,19
212960,tmowrh,אינו,17
213040,tmowrh,היי,15
213299,towan,[BLANK],304
213555,towan,זה,238
213707,towan,לא,217
213450,towan,הוא,191
213713,towan,לו,186
213326,towan,אין,180
213717,towan,לי,154
213481,towan,היי,149
213521,towan,הרי,149
213359,towan,את,148
213307,towan,או,141
213949,towan,עד,141
213964,towan,על,138
213340,towan,אם,120
213630,towan,יד,115
213344,towan,אמר,110
213685,towan,כל,109
214146,towan,שנה,107
213919,towan,נשבע,92
214124,towan,של,90
214205,towmat-aowklin,[BLANK],673
214415,towmat-aowklin,הוא,287
215105,towmat-aowklin,על,185
214226,towmat-aowklin,אוכל,172
214495,towmat-aowklin,הרי,170
214750,towmat-aowklin,לא,168
214240,towmat-aowklin,אין,166
214639,towmat-aowklin,טומאה,153
214252,towmat-aowklin,אם,150
214646,towmat-aowklin,טמא,146
214860,towmat-aowklin,מים,145
214438,towmat-aowklin,היי,118
214718,towmat-aowklin,כל,108
214419,towmat-aowklin,הוכשר,99
214242,towmat-aowklin,אינו,97
215278,towmat-aowklin,רצון,97
214272,towmat-aowklin,את,95
214543,towmat-aowklin,זה,91
214700,towmat-aowklin,כול,88
214220,towmat-aowklin,או,87
215431,towmat-mt,[BLANK],568
215845,towmat-mt,טומאה,287
215657,towmat-mt,הוא,286
216277,towmat-mt,על,204
215852,towmat-mt,טמא,194
215689,towmat-mt,היי,190
215553,towmat-mt,בית,183
215450,towmat-mt,או,168
215473,towmat-mt,אין,167
215926,towmat-mt,כלי,166
215842,towmat-mt,טהור,161
216128,towmat-mt,מת,160
215945,towmat-mt,לא,156
215485,towmat-mt,אם,142
215732,towmat-mt,הרי,136
215769,towmat-mt,זה,116
215924,towmat-mt,כל,112
215545,towmat-mt,בין,111
216035,towmat-mt,מטמא,97
215514,towmat-mt,את,94
216561,towmat-zrat,[BLANK],562
216726,towmat-zrat,הוא,213
216744,towmat-zrat,היי,188
217148,towmat-zrat,נגע,173
216576,towmat-zrat,או,165
216821,towmat-zrat,זה,141
216976,towmat-zrat,לא,109
216633,towmat-zrat,את,107
216600,towmat-zrat,אין,102
216657,towmat-zrat,בין,97
217452,towmat-zrat,שיער,90
216786,towmat-zrat,הרי,88
216610,towmat-zrat,אם,87
216660,towmat-zrat,בית,87
216951,towmat-zrat,כל,82
216879,towmat-zrat,טהור,78
217054,towmat-zrat,מטמא,76
216935,towmat-zrat,כול,68
216884,towmat-zrat,טומאה,66
216983,towmat-zrat,לבן,65
217524,tpilh,[BLANK],480
218137,tpilh,לא,239
217767,tpilh,הוא,228
217876,tpilh,התפלל,218
217617,tpilh,את,217
218887,tpilh,תפילה,213
218099,tpilh,כל,184
217797,tpilh,היי,162
217564,tpilh,אין,154
218011,tpilh,יום,150
217578,tpilh,אם,140
218551,tpilh,על,135
217685,tpilh,ברכה,129
217554,tpilh,אחר,110
218522,tpilh,עד,108
218646,tpilh,ציבור,100
218672,tpilh,קורא,99
218759,tpilh,שבת,95
218867,tpilh,תורה,92
217574,tpilh,אלא,85
218918,tpilin,[BLANK],415
219115,tpilin,הוא,193
219744,tpilin,על,178
219947,tpilin,של,137
219432,tpilin,לא,128
218930,tpilin,או,127
219141,tpilin,היי,122
218994,tpilin,את,117
218965,tpilin,אם,116
219400,tpilin,כל,104
219713,tpilin,ספר,103
220016,tpilin,תפילין,96
219020,tpilin,בית,92
219996,tpilin,תורה,86
219424,tpilin,כתב,82
219222,tpilin,זה,80
218953,tpilin,אין,78
219161,tpilin,הניח,72
218939,tpilin,אות,64
219734,tpilin,עור,63
220043,trowmowt,[BLANK],731
221502,trowmowt,תרומה,634
220312,trowmowt,הוא,281
220696,trowmowt,לא,268
220102,trowmowt,אם,212
221138,trowmowt,על,212
221398,trowmowt,של,192
220064,trowmowt,אוכל,191
220087,trowmowt,אין,183
220132,trowmowt,את,178
220878,trowmowt,מן,168
220347,trowmowt,היי,161
220409,trowmowt,הרי,154
220900,trowmowt,מעשר,152
220470,trowmowt,זה,137
220062,trowmowt,או,126
220649,trowmowt,כול,115
220627,trowmowt,ישראל,109
220089,trowmowt,אינו,108
220646,trowmowt,כוהן,107
221514,tshowbh,[BLANK],136
221662,tshowbh,הוא,106
221737,tshowbh,זה,60
221575,tshowbh,את,57
221853,tshowbh,לא,57
221987,tshowbh,נאמר,49
221838,tshowbh,כל,48
221545,tshowbh,אין,45
222066,tshowbh,על,42
221680,tshowbh,היי,37
221863,tshowbh,לו,36
222232,tshowbh,תשובה,36
221551,tshowbh,אלא,35
222050,tshowbh,עולם,35
221523,tshowbh,אדם,34
222218,tshowbh,תורה,34
221828,tshowbh,כול,33
221756,tshowbh,חטא,29
221647,tshowbh,דרך,28
221636,tshowbh,דבר,26
222238,zizit,[BLANK],86
222576,zizit,ציצית,55
222638,zizit,תכלת,48
222320,zizit,הוא,42
222358,zizit,חוט,40
222423,zizit,לא,40
222278,zizit,את,39
222620,zizit,של,39
222260,zizit,אם,35
222352,zizit,זה,34
222427,zizit,לבן,30
222544,zizit,על,30
222471,zizit,מן,27
222536,zizit,עושה,26
222328,zizit,היי,25
222577,zizit,צמר,23
222253,zizit,אין,22
222551,zizit,עשה,21
222561,zizit,פסול,21
222257,zizit,אלא,20
222654,zkih-owmtnh,[BLANK],313
223082,zkih-owmtnh,לא,201
222839,zkih-owmtnh,הוא,191
223091,zkih-owmtnh,לו,170
222708,zkih-owmtnh,אם,153
223254,zkih-owmtnh,מתנה,149
222667,zkih-owmtnh,או,133
222933,zkih-owmtnh,זה,128
222692,zkih-owmtnh,אין,125
223057,zkih-owmtnh,כל,125
222867,zkih-owmtnh,היי,111
223287,zkih-owmtnh,נכס,111
223433,zkih-owmtnh,קנה,108
222712,zkih-owmtnh,אמר,104
222905,zkih-owmtnh,הרי,95
222704,zkih-owmtnh,אלא,93
223353,zkih-owmtnh,על,89
222746,zkih-owmtnh,בין,86
222726,zkih-owmtnh,את,83
222813,zkih-owmtnh,דבר,76
