Major_Category,Lemma,Count
modern,את,257777
modern,של,189132
modern,לא,181943
modern,אני,174636
modern,זה,168985
modern,הוא,154814
modern,על,110326
modern,היי,106205
modern,לי,100996
modern,כול,60994
modern,עם,51405
modern,מה,50201
modern,אבל,46890
modern,יום,46655
modern,/,46113
modern,כל,45969
modern,גם,43238
modern,יש,43194
modern,אם,39523
modern,יותר,39079
modern,אז,37657
modern,או,36946
modern,כי,31698
modern,טוב,31372
modern,כך,30651
modern,דבר,28896
modern,שנה,28851
modern,עצם,27497
modern,עוד,27101
modern,רק,26681
modern,לו,24198
modern,אין,24043
modern,בית,24021
modern,איש,23707
modern,אל,23324
modern,שם,23202
modern,פעם,22058
modern,כמו,21975
modern,חי,21901
modern,רוצה,21882
modern,אחד,21338
modern,כבר,21166
modern,אחר,21113
modern,זמן,21079
modern,כמה,20722
modern,היה,19595
modern,אלה,19591
modern,עשה,18511
modern,עד,18481
modern,בא,18340
modern,=,17797
modern,יודע,17171
modern,כן,16350
modern,ממש,15963
modern,אחרי,15758
modern,אמר,15643
modern,הרבה,15640
modern,יד,15052
modern,משהו,14835
modern,הגיע,14756
modern,עכשיו,14116
modern,יכול,13953
modern,_,13942
modern,התחיל,13922
modern,דרך,13843
modern,אולי,13708
modern,אחרון,13516
modern,בין,13369
modern,חברה,13330
modern,מי,13325
modern,כדי,13266
modern,מקום,13259
modern,מאוד,13172
modern,פשוט,13020
modern,לפני,12945
modern,דיבר,12858
modern,שעה,12856
modern,פה,12563
modern,קצת,12501
modern,איזה,12456
modern,כלל,12278
modern,חדש,12072
modern,אוהב,11918
modern,ראשון,11903
modern,עולם,11823
modern,נראה,11552
modern,לה,11432
modern,ב,11390
modern,*,11300
modern,הכי,10973
modern,קיבל,10893
modern,צריך,10882
modern,שבוע,10876
modern,איך,10872
modern,גדול,10822
modern,עבר,10802
modern,שלושה,10786
modern,רגע,10668
modern,סוף,10650
modern,ילד,10621
modern,בל,10592
modern,אף,10572
modern,אומר,10414
modern,הראה,10224
modern,אפשר,9894
modern,באמת,9888
modern,אפילו,9848
modern,קטן,9716
modern,אחת,9663
modern,],9582
modern,שניים,9479
modern,חבר,9466
modern,חושב,9390
modern,ה,9317
modern,ראש,9261
modern,רב,9180
modern,לב,9120
modern,מישהו,9102
modern,+,9075
modern,תמיד,8961
modern,עבודה,8828
modern,עושה,8755
modern,ספר,8730
modern,אדם,8617
modern,חלק,8613
modern,שוב,8506
modern,צד,8431
modern,קשה,8397
modern,עניין,8260
modern,מצב,8221
modern,פורום,8144
modern,למה,8079
modern,ככה,7837
modern,ראה,7828
modern,הגיד,7716
modern,יצא,7646
modern,הצליח,7631
modern,חצי,7504
modern,אוכל,7471
modern,בן,7443
modern,[,7442
modern,אצל,7393
modern,נכנס,7316
modern,עדיין,7241
modern,שיר,7171
modern,כאן,7168
modern,פנים,7158
modern,נשאר,6988
modern,חזר,6933
modern,לאחר,6927
modern,כתב,6902
modern,אי,6872
modern,חודש,6750
modern,אתמול,6745
modern,בת,6713
modern,המשיך,6697
modern,חשב,6624
modern,יכולת,6623
modern,נכון,6619
modern,בגלל,6603
modern,אך,6583
modern,מילה,6522
modern,צריכה,6513
modern,נמצא,6501
modern,די,6490
modern,נתן,6459
modern,יפה,6457
modern,אישה,6421
modern,החליט,6409
modern,מדי,6389
modern,סרט,6368
modern,בשביל,6288
modern,תמונה,6268
modern,ניסה,6241
modern,מקרה,6201
modern,שום,6199
modern,הרגיש,6152
modern,מרגיש,6139
modern,ישראל,6120
modern,שאלה,6063
modern,אמא,5995
modern,נוסף,5985
modern,סתם,5946
modern,טיפול,5942
modern,בוקר,5926
modern,בעל,5861
modern,משפחה,5767
modern,למרות,5732
modern,בעיה,5729
modern,קשר,5695
modern,אהבה,5688
modern,בו,5662
modern,יוצא,5648
modern,ערב,5647
modern,לילה,5628
modern,אופן,5605
modern,אלא,5604
modern,אשר,5532
modern,חדר,5530
modern,חשוב,5512
modern,כמעט,5496
modern,%,5401
modern,חולה,5300
modern,נעשה,5286
modern,סיפר,5261
modern,משחק,5249
modern,שונה,5238
modern,כוח,5201
modern,מחר,5174
modern,קרוב,5037
modern,כאב,5031
modern,בי,4984
modern,חוץ,4975
modern,כמובן,4958
modern,רוב,4958
modern,עובר,4933
modern,לפחות,4922
modern,נושא,4907
modern,שיעור,4830
modern,כאילו,4824
modern,הנה,4819
modern,נחמד,4773
modern,רואה,4758
modern,בדיוק,4734
modern,הורה,4702
modern,הכיר,4688
modern,רע,4685
modern,הביא,4678
modern,שמע,4670
modern,בתוך,4649
modern,חייב,4645
modern,–,4645
modern,פחות,4636
modern,מספר,4634
modern,תקופה,4625
modern,פוסט,4587
modern,גורם,4566
modern,ביקש,4559
modern,שלום,4537
modern,בלוג,4518
modern,קודם,4516
modern,דעת,4506
modern,גילה,4462
modern,כיף,4445
modern,לפעמים,4439
modern,קרא,4437
modern,כנראה,4410
modern,המון,4409
modern,נורא,4399
modern,אינו,4393
modern,קל,4385
modern,גיל,4371
modern,רגל,4366
modern,מן,4338
modern,הבין,4330
modern,לבד,4327
modern,&,4320
modern,אבא,4282
modern,סיבה,4247
modern,אמור,4234
modern,יחד,4200
modern,מת,4174
modern,כלום,4158
modern,ללא,4140
modern,כיתה,4088
modern,שינה,4077
modern,צורה,4066
modern,ים,4065
modern,אמת,4033
modern,ידע,4032
modern,שיחה,4029
modern,קבוצה,4027
modern,עלה,3992
modern,עת,3989
modern,תודה,3985
modern,שני,3975
modern,עקר,3974
modern,מים,3956
modern,מעט,3946
modern,פתאום,3936
modern,חסר,3929
modern,דקה,3917
modern,מגיע,3902
modern,מחלה,3891
modern,עובד,3885
modern,מול,3872
modern,חמישה,3861
modern,לכן,3859
modern,בטוח,3814
modern,ברור,3794
modern,ישב,3780
modern,מחשב,3765
modern,הייתי,3734
modern,דווקא,3722
modern,קורא,3689
modern,^,3688
modern,ממשלה,3676
modern,מלא,3665
modern,קרה,3641
modern,כסף,3636
modern,מבחן,3630
modern,רמה,3625
modern,מדינה,3610
modern,מלחמה,3606
modern,יחס,3596
modern,ניהל,3568
modern,סוג,3556
modern,ארץ,3550
modern,הלכה,3547
modern,עובדה,3543
modern,קצר,3533
modern,סיפור,3522
modern,רוח,3521
modern,בסדר,3520
modern,בדיקה,3508
modern,נהנה,3499
modern,גבוה,3497
modern,~,3487
modern,אח,3483
modern,צורך,3472
modern,קול,3466
modern,עשרה,3449
modern,משפט,3439
modern,רופא,3436
modern,ל,3434
modern,מנסה,3417
modern,שונא,3415
modern,ישראלי,3396
modern,כאשר,3373
modern,בני,3369
modern,דם,3364
modern,הלכו,3362
modern,הלך,3295
modern,הוציא,3294
modern,שר,3278
modern,קורה,3269
modern,כ,3263
modern,מחשבה,3254
modern,נסע,3227
modern,גוף,3219
modern,לקח,3219
modern,חלום,3210
modern,מקווה,3207
modern,ארבעה,3202
modern,נגד,3195
modern,אור,3182
modern,לפי,3175
modern,הפסיק,3169
modern,תוצאה,3169
modern,זוכר,3163
modern,ילדה,3157
modern,מתוך,3156
modern,שלב,3155
modern,ג'ורג',3153
modern,תרופה,3149
modern,שיחק,3138
modern,שינוי,3122
modern,הסתכל,3119
modern,אזור,3118
modern,חוק,3089
modern,מצא,3075
modern,איפה,3066
modern,שבת,3059
modern,אמצע,3058
modern,מספיק,3057
modern,מסוים,3049
modern,מורה,3046
modern,אתר,3038
modern,למד,3029
modern,שירות,3018
modern,בטח,3009
modern,בערך,3009
modern,הולך,3002
modern,נגמר,2978
modern,אביב,2974
modern,היינו,2957
modern,אה,2947
modern,אושר,2947
modern,י,2945
modern,פתח,2913
modern,שישה,2903
modern,תוכנית,2898
modern,בחינה,2892
modern,השתמש,2888
modern,עדכון,2888
modern,תחושה,2886
modern,גבר,2884
modern,חוזר,2857
modern,עומד,2857
modern,יחידה,2841
modern,מחיר,2838
modern,אמיתי,2834
modern,שנייה,2832
modern,מיהר,2831
modern,מדהים,2827
modern,שקט,2827
modern,שמח,2825
modern,העביר,2819
modern,מיליון,2792
modern,מערכה,2780
modern,עמד,2777
modern,חזק,2774
modern,קטע,2762
modern,חיכה,2759
modern,תשובה,2750
modern,שחור,2729
modern,שמחה,2719
modern,שאר,2718
modern,הרי,2714
modern,שקל,2711
modern,דובר,2708
modern,תווך,2708
modern,נקודה,2700
modern,פעילות,2696
modern,התקשר,2686
modern,מזל,2678
modern,\,2677
modern,חופש,2674
modern,חג,2665
modern,זור,2660
modern,מיני,2645
modern,תפקיד,2636
modern,טלפון,2617
modern,משרד,2616
modern,מרכז,2614
modern,חומר,2594
modern,תגובה,2587
modern,כותב,2586
modern,במקום,2585
modern,צבא,2579
modern,יוכל,2562
modern,ירד,2562
modern,במשך,2561
modern,מיוחד,2558
modern,צבע,2556
modern,נשמע,2553
modern,חזרה,2548
modern,עולה,2544
modern,נו,2537
modern,משנה,2529
modern,הניח,2527
modern,שוק,2519
modern,מאה,2509
modern,מהלך,2498
modern,העלה,2497
modern,נותן,2494
modern,תהליך,2488
modern,מעבר,2483
modern,עזרה,2480
modern,קשור,2479
modern,טעם,2469
modern,לימוד,2469
modern,שיער,2464
modern,מאת,2461
modern,מוכן,2458
modern,מסוגל,2457
modern,לבן,2450
modern,תחילה,2447
modern,הולכת,2445
modern,#,2440
modern,אוויר,2432
modern,רצון,2429
modern,עיר,2426
modern,לקחו,2425
modern,מוצא,2425
modern,התכוון,2417
modern,מוות,2405
modern,לגמרי,2403
modern,מוזיקה,2401
modern,הזכיר,2400
modern,הצחיק,2383
modern,תל,2383
modern,דולר,2373
modern,רחוב,2371
modern,מין,2369
modern,כואב,2365
modern,תחום,2359
modern,חוסר,2352
modern,אב,2347
modern,"כ""כ",2346
modern,סביב,2337
modern,מחקר,2333
modern,התחלה,2330
modern,אחות,2329
modern,מבט,2328
modern,אכפת,2300
modern,שווה,2293
modern,חיפש,2288
modern,לימד,2286
modern,שפה,2281
modern,ארוחה,2279
modern,פעולה,2278
modern,פרק,2278
modern,לגבי,2271
modern,יושב,2269
modern,טלוויזיה,2262
modern,מטרה,2246
modern,כולל,2243
modern,משום,2233
modern,יהודי,2228
modern,ישן,2227
modern,ניתוח,2218
modern,הסביר,2215
modern,קיים,2213
modern,כדור,2210
modern,ביטחון,2208
modern,הופעה,2206
modern,נזכר,2187
modern,שלם,2186
modern,הלכנו,2184
modern,עצוב,2182
modern,עונה,2180
modern,פרט,2177
modern,למען,2173
modern,רציתי,2172
modern,מוח,2163
modern,מיטה,2161
modern,נהיה,2160
modern,פינה,2159
modern,צעיר,2159
modern,ניסיון,2157
modern,כפי,2154
modern,עלייה,2151
modern,כיוון,2148
modern,נעים,2144
modern,רגש,2142
modern,הודעה,2139
modern,ציפה,2136
modern,אוטובוס,2120
modern,חום,2119
modern,נמאס,2108
modern,כלומר,2106
modern,ביניים,2102
modern,גרם,2096
modern,סובל,2093
modern,נקרא,2092
modern,דומה,2087
modern,מושג,2087
modern,מתי,2083
modern,אולם,2082
modern,>,2077
modern,קו,2075
modern,נפש,2071
modern,מבין,2069
modern,כמות,2065
modern,רחוק,2065
modern,הזמין,2060
modern,השתנה,2059
modern,יתר,2053
modern,גרוע,2052
modern,ענה,2051
modern,נפגש,2045
modern,ספק,2045
modern,האמין,2040
modern,חמוד,2036
modern,מתאים,2030
modern,פגש,2029
modern,נעלם,2028
modern,חיוך,2025
modern,אכן,2019
modern,בחירה,2018
modern,ככל,2017
modern,מיד,2017
modern,מחכה,2014
modern,שימוש,2010
modern,סימן,2009
modern,לחץ,2005
modern,דק,2003
modern,תיק,2002
modern,דלת,2001
modern,הצלחה,1990
modern,נאמר,1989
modern,עמוק,1989
modern,חבל,1987
modern,הרגשה,1984
modern,הספיק,1970
modern,ערך,1963
modern,ביצע,1956
modern,המשך,1946
modern,טיול,1943
modern,זיכרון,1942
modern,אפשרות,1941
modern,תקווה,1940
modern,בחור,1939
modern,ו,1934
modern,רווח,1930
modern,תנועה,1929
modern,ניתן,1928
modern,ידוע,1927
modern,שעבד,1927
modern,משל,1923
modern,לישון,1914
modern,באמצעות,1910
modern,ש,1910
modern,הפך,1906
modern,אירוע,1902
modern,שמש,1901
modern,דירה,1900
modern,שרון,1899
modern,עתיד,1896
modern,סביבה,1890
modern,יחיד,1887
modern,פחד,1881
modern,עלול,1880
modern,אלוהים,1876
modern,גב,1873
modern,החל,1870
modern,כלי,1868
modern,הודיע,1866
modern,הבטיח,1865
modern,מקור,1864
modern,החלטה,1858
modern,מכונית,1846
modern,רעיון,1842
modern,חברתי,1840
modern,עור,1832
modern,זוג,1829
modern,הון,1824
modern,ארוך,1821
modern,הוביל,1821
modern,אומנם,1819
modern,איבד,1816
modern,היריון,1814
modern,מציאות,1811
modern,כה,1810
modern,הצטרף,1806
modern,תחנה,1805
modern,בגד,1801
modern,לוקח,1801
modern,ביקר,1799
modern,חייל,1799
modern,אינטרנט,1798
modern,מוקדם,1798
modern,החליף,1795
modern,זכות,1789
modern,תופעה,1789
modern,מחפש,1788
modern,חנות,1784
modern,אישי,1783
modern,מניה,1760
modern,אהוב,1758
modern,בלבד,1750
modern,לעולם,1746
modern,נפל,1746
modern,א,1738
modern,משו,1737
modern,ברכה,1736
modern,סיכוי,1736
modern,עצב,1736
modern,הוריד,1734
modern,נמוך,1734
modern,השאיר,1732
modern,קפה,1731
modern,ציין,1725
modern,עבור,1724
modern,דוד,1717
modern,אכל,1715
modern,שמן,1714
modern,דמעה,1709
modern,רשימה,1708
modern,הסתבר,1688
modern,נפרד,1682
modern,כלב,1678
modern,לזה,1677
modern,בינתיים,1671
modern,במיוחד,1671
modern,ירידה,1671
modern,משמעות,1671
modern,הודה,1670
modern,מתוק,1668
modern,בסיס,1666
modern,לעומת,1666
modern,כלשהו,1664
modern,קנה,1664
modern,גר,1663
modern,חח,1662
modern,דוגמה,1661
modern,שומע,1661
modern,בהחלט,1652
modern,ידעו,1652
modern,ירושלים,1652
modern,מגניב,1652
modern,מומלץ,1649
modern,שחקן,1648
modern,כללי,1647
modern,הולדת,1646
modern,גן,1643
modern,אתה,1640
modern,"ארה""ב",1635
modern,אגב,1634
modern,סבל,1634
modern,ידיד,1629
modern,רשות,1629
modern,טעות,1628
modern,פוליטי,1628
modern,יקרה,1624
modern,שטח,1624
modern,מאחורי,1623
modern,שואל,1615
modern,מתחת,1612
modern,ועדה,1611
modern,שיטה,1610
modern,לאט,1606
modern,ספורט,1605
modern,טיפל,1604
modern,רקע,1599
modern,הבינו,1597
modern,בטן,1595
modern,נבחר,1595
modern,שולחן,1591
modern,נוסע,1589
modern,הכניס,1587
modern,חדשה,1586
modern,לחלוטין,1585
modern,שלח,1585
modern,בפני,1583
modern,בר,1583
modern,ניצח,1577
modern,נסיעה,1575
modern,תחת,1567
modern,נותר,1560
modern,חחח,1559
modern,כוס,1557
modern,הוסיף,1550
modern,כניסה,1547
modern,בחר,1540
modern,ערוץ,1540
modern,דיסק,1536
modern,הפסקה,1531
modern,קם,1528
modern,כחול,1521
modern,בריאות,1518
modern,רגיל,1518
modern,שליטה,1517
modern,ת,1517
modern,שאל,1514
modern,השיג,1505
modern,צחוק,1505
modern,בעקבות,1503
modern,אמריקאי,1501
modern,קורס,1500
modern,מידע,1499
modern,אפשרי,1496
modern,סבתא,1493
modern,סיום,1491
modern,חם,1490
modern,היסטוריה,1489
modern,עשוי,1486
modern,כבד,1485
modern,סדרה,1484
modern,מתמטיקה,1483
modern,ארגון,1478
modern,בזה,1478
modern,גשם,1477
modern,נעל,1476
modern,אנגלי,1473
modern,עסק,1469
modern,חולצה,1467
modern,מכתב,1466
modern,חלון,1465
modern,סרטן,1465
modern,שטות,1465
modern,חד,1458
modern,רשת,1458
modern,התמודד,1453
modern,כבוד,1453
modern,נתון,1451
modern,אש,1450
modern,אמרתי,1448
modern,למעשה,1444
modern,גל,1439
modern,שש,1432
modern,כדאי,1431
modern,יופי,1430
modern,משמעותי,1430
modern,עזב,1425
modern,אדום,1421
modern,בנק,1421
modern,מזמן,1420
modern,אילו,1419
modern,בקר,1418
modern,מסגרת,1412
modern,רחב,1407
modern,תקשורת,1404
modern,סיים,1402
modern,נשמה,1401
modern,בגרות,1400
modern,עין,1396
modern,קיץ,1395
modern,אלף,1394
modern,כנסת,1392
modern,דיכאון,1390
modern,בשר,1389
modern,בחורה,1388
modern,נהג,1388
modern,מפלגה,1387
modern,פתוח,1386
modern,אדמה,1384
modern,פרס,1383
modern,לתוך,1381
modern,נוער,1380
modern,מוכר,1378
modern,משקל,1377
modern,הופיע,1373
modern,שמצא,1373
modern,חשבון,1372
modern,רכבת,1370
modern,מכבי,1369
modern,רץ,1369
modern,תלוי,1368
modern,מרכזי,1367
modern,מאוחר,1366
modern,צעד,1365
modern,חוויה,1364
modern,ירוק,1363
modern,לאומי,1362
modern,נרדם,1360
modern,ויתר,1358
modern,שוקולד,1358
modern,נחשב,1356
modern,נפתח,1355
modern,שומר,1355
modern,הזדמנות,1353
modern,רפואי,1353
modern,יחסי,1351
modern,כף,1342
modern,מעשה,1342
modern,משטרה,1340
modern,הסתובב,1339
modern,פרטי,1338
modern,בכו,1335
modern,מסקנה,1335
modern,השתתף,1334
modern,התיישב,1334
modern,מפגש,1334
modern,נאלץ,1334
modern,נמנע,1334
modern,עזר,1333
modern,שמיים,1331
modern,"אח""כ",1330
modern,קיר,1327
modern,מוצר,1325
modern,מהיר,1324
modern,חתול,1323
modern,תושב,1318
modern,טבעי,1317
modern,נולד,1317
modern,ר,1317
modern,ריח,1317
modern,החזיר,1315
modern,פתרון,1314
modern,כלכלי,1313
modern,נוצר,1313
modern,אינה,1309
modern,נפלא,1307
modern,סדר,1305
modern,מוזר,1301
modern,הציע,1300
modern,צפוי,1298
modern,ודאי,1295
modern,אצבע,1293
modern,ניו,1293
modern,חרא,1292
modern,ידיעה,1291
modern,מפחד,1288
modern,כלפי,1286
modern,זר,1283
modern,לומד,1282
modern,הגיב,1280
modern,{,1277
modern,עוגה,1276
modern,איכשהו,1275
modern,סיפק,1274
modern,למעלה,1273
modern,נוח,1273
modern,לשון,1272
modern,עדיף,1272
modern,כביש,1267
modern,נהדר,1266
modern,},1264
modern,שילם,1263
modern,לקראת,1262
modern,נמשך,1262
modern,מתנה,1261
modern,מכירה,1258
modern,קהילה,1253
modern,עיתון,1252
modern,פגישה,1251
modern,הצעה,1247
modern,’,1247
modern,שורה,1244
modern,קרן,1241
modern,ישר,1240
modern,כרטיס,1240
modern,מכיר,1238
modern,תלמיד,1237
modern,אסור,1236
modern,מהירות,1233
modern,עמוד,1233
modern,תא,1232
modern,מוצלח,1224
modern,מקסים,1223
modern,•,1223
modern,רביעי,1222
modern,מתגעגע,1221
modern,שכבה,1219
modern,מידה,1218
modern,דמות,1217
modern,נפגע,1214
modern,עקב,1214
modern,השקיע,1213
modern,ערבי,1213
modern,טענה,1212
modern,בוכה,1211
modern,הי,1211
modern,סיכון,1210
modern,כפר,1209
modern,קריאה,1208
modern,רכב,1208
modern,בלה,1206
modern,נוגע,1206
modern,גבול,1205
modern,השפעה,1203
modern,מסר,1203
modern,תחרות,1202
modern,מילא,1201
modern,שאלתי,1199
modern,תרבות,1199
modern,כוונה,1196
modern,הציג,1195
modern,טבע,1193
modern,שכח,1191
modern,חש,1186
modern,החזיק,1182
modern,אחוז,1181
modern,צעקה,1181
modern,צפון,1178
modern,יוצר,1176
modern,מחזור,1175
modern,מטומטם,1174
modern,סך,1170
modern,שימש,1170
modern,לידה,1167
modern,מפני,1166
modern,חינוך,1164
modern,פועל,1164
modern,ארך,1162
modern,רוקד,1160
modern,תיאר,1159
modern,מעדיף,1158
modern,נשק,1158
modern,מאמץ,1156
modern,עמדה,1156
modern,ייתכן,1155
modern,רציני,1155
modern,אוניברסיטה,1151
modern,עשו,1149
modern,דר,1148
modern,עוזר,1148
modern,קר,1147
modern,התנהגות,1143
modern,מופיע,1143
modern,מטורף,1142
modern,מאפשר,1139
modern,מביא,1139
modern,כתבה,1138
modern,עיניים,1138
modern,הפריע,1136
modern,אהב,1135
modern,כיצד,1134
modern,זכה,1133
modern,ייצר,1131
modern,כתיבה,1130
modern,קבוע,1130
modern,הכנה,1129
modern,טיפה,1128
modern,כעס,1128
modern,נורמלי,1128
modern,ניצל,1128
modern,נדמה,1127
modern,משך,1126
modern,שיא,1125
modern,ת',1123
modern,מעמד,1122
modern,תפוז,1121
modern,מעולה,1120
modern,לאן,1117
modern,בתור,1116
modern,הסכים,1116
modern,הפחיד,1116
modern,א',1115
modern,בנאדם,1115
modern,גדל,1114
modern,השקעה,1114
modern,זקוק,1114
modern,סביר,1114
modern,אחור,1113
modern,יצירה,1113
modern,מנת,1113
modern,פרצוף,1113
